Image|Logo|Name|Citát|Music|Race|Focus|Origin|God|Age|Status|Title|Position|Description|DM_Data
King-Lorian-Rueox|Mesto|Kráľ Lorian Rueox|Som rád, že sa mestu darí a verím, že obyvatelia mi pomôžu úspech len násobiť.|None|Elf|Noble|Jazierchat|Harvien|500|Živý|Kráľ|Kráľ Jazierchatu a okolia|Kráľ Lorian sa narodil do bohatej vládnucej rodiny mesta a na trón nastúpil už v mladom veku. Odvtedy uplynulo takmer štyristo rokov, počas ktorých nepretržite vládne – s trpezlivosťou a odstupom, aký môže mať len elf, ktorému čas plynie inak než ostatným. Jeho dlhý život však priniesol aj tichú osobnú daň. Prežil viacero manželiek, ktoré ako ľudia starli a odchádzali, zatiaľ čo on zostával. Dlho nemal žiadneho potomka, až kým sa mu nedávno nenarodil syn Lanc – dedič, ktorý by mohol niesť jeho meno ďalej.<br><br>Napriek tomu sa Lorian nikdy nestal kráľom rodiny, ale predovšetkým kráľom svojho ľudu. Svoje povinnosti vždy staval nad osobný život a roky, ktoré by iní venovali blízkym, on zasvätil správe mesta a upevňovaniu svojho odkazu. Tak tomu bolo kedysi a tak je tomu aj dnes – jeho pozornosť sa čoraz viac upiera na dedičstvo, ktoré po sebe zanechá, než na vzťahy, ktoré by ho mohli ukotviť v prítomnosti.<br><br>Známy je najmä svojimi veľkolepými bálmi a podujatiami, ktoré presahujú hranice obyčajnej dvorskej okázalosti. Lorian dbá na to, aby sa na nich nezúčastňovala len šľachta, ale aj obyvatelia mesta, dokonca i tí z najnižších vrstiev. V jeho očiach má oslava zmysel len vtedy, ak je zdieľaná – ak dokáže na chvíľu spojiť všetkých bez ohľadu na postavenie. Aj preto organizuje udalosti, ktoré nie sú výsadou mocných, ale otvára ich aj tým, ktorí ich potrebujú najviac, čím si udržiava povesť panovníka, ktorý síce žije dlhšie než ostatní, no na svoj ľud nikdy nezabúda.|Kráľ Lorian sa narodil do bohatej vládnucej rodiny mesta a na trón nastúpil už v mladom veku. Odvtedy uplynulo takmer štyristo rokov, počas ktorých nepretržite vládne – s trpezlivosťou a odstupom, aký môže mať len elf, ktorému čas plynie inak než ostatným. Jeho dlhý život však priniesol aj tichú osobnú daň. Prežil viacero manželiek, ktoré ako ľudia starli a odchádzali, zatiaľ čo on zostával. Dlho nemal žiadneho potomka, až kým sa mu nedávno nenarodil syn Lanc – dedič, ktorý by mohol niesť jeho meno ďalej.<br><br>Napriek tomu sa Lorian nikdy nestal kráľom rodiny, ale predovšetkým kráľom svojho ľudu. Svoje povinnosti vždy staval nad osobný život a roky, ktoré by iní venovali blízkym, on zasvätil správe mesta a upevňovaniu svojho odkazu. Tak tomu bolo kedysi a tak je tomu aj dnes – jeho pozornosť sa čoraz viac upiera na dedičstvo, ktoré po sebe zanechá, než na vzťahy, ktoré by ho mohli ukotviť v prítomnosti.<br><br>Známy je najmä svojimi veľkolepými bálmi a podujatiami, ktoré presahujú hranice obyčajnej dvorskej okázalosti. Lorian dbá na to, aby sa na nich nezúčastňovala len šľachta, ale aj obyvatelia mesta, dokonca i tí z najnižších vrstiev. V jeho očiach má oslava zmysel len vtedy, ak je zdieľaná – ak dokáže na chvíľu spojiť všetkých bez ohľadu na postavenie. Aj preto organizuje udalosti, ktoré nie sú výsadou mocných, ale otvára ich aj tým, ktorí ich potrebujú najviac, čím si udržiava povesť panovníka, ktorý síce žije dlhšie než ostatní, no na svoj ľud nikdy nezabúda.
Edgariana_Rueox|Mesto|Edgariana Rueox|Poklona má byť hlbšia, krásna a úcti hodná, tak ako ja.|None|Human|Noble|Jazierchat|Zael|28|Živá|Kráľovná|Královna Jazierchatu|Edgariana Rueox je aktuálna kráľovná a súčasná dáma kráľa Rueoxa. Keďže kráľ je elf a jeho družky bývajú prevažne ľudské ženy, za svoj dlhý život ich po jeho boku stálo už niekoľko. Edgariana nie je matkou princa Lanca, no to jej na dvore neuberá na váhe. Dnes je ona tá, ktorá stojí pri kráľovi. <br><br> Jej mágia pôsobí rovnako vznešene ako jej postavenie. Tmavomodré oči ladia s jej šatami a celý jej zjav vyvoláva dojem, akoby sa pre kráľovskú rolu narodila. Hoci je v nej nová, nosí ju prirodzene, vystupuje pokojne, sebavedomo a s gráciou ženy, ktorá nepotrebuje dokazovať, že patrí na trón. <br><br> Edgariana si všíma gestá. Keď sa jej niekto pokloní, neprejde okolo bez povšimnutia. Vie odpovedať pohľadom, slovom alebo drobným prejavom záujmu, ktorý dáva najavo, že dvorská etiketa pre ňu nie je len povinnosť, ale jazyk moci. Každý úklon, úsmev aj pohyb má svoje miesto a Edgariana ich číta veľmi pozorne. |empty
Ayne-Drundas|Akademia, Popravca|Ayne Drundas   Guľo|Nikdy nie je tak zle aby nemohlo byť horšie, tak nepodceňuj prípravu.|None|Goliath|Barbarian/Fighter|Ruiny Temnoty|Začiatok|72|Živý|Jäger, Rytier|Riaditeľ ALP Jazierchat|"Prišiel z iného sveta, tu sa udomácnil tak, akoby sem patril odjakživa. Po dekádach medzi miestnymi ovláda ich zvyky s ľahkosťou a pôsobí ľudskejšie než väčšina samotných ľudí. Kedysi bol známy obrovskou silou a mocnou postavou, no čas jeho telo zmenil, dnes vyzerá chudší, pokojnejší, až takmer nenápadný. To však klame: aj teraz by dokázal jedinou rukou zastaviť rozbehnutého koňa. Svoju moc však už neukazuje v sile svalov, ale v sile ducha a poznania. <br>Niekedy ho volali Guľo, to nie len pre jeho zavolitú postavu ale aj lebo sa ""guľal"" medzi fakultami. Ayne mal problém ostat v jednej fakulte dlhšie ako akademický level. Jeho široký zámer mu však pomohol a vypracoval sa na váženého riaditeľa univerzity v Jazierchate, kde jeho meno vyslovujú s rešpektom študenti i učenci."|"Prišiel z iného sveta, tu sa udomácnil tak, akoby sem patril odjakživa. Po dekádach medzi miestnymi ovláda ich zvyky s ľahkosťou a pôsobí ľudskejšie než väčšina samotných ľudí. Kedysi bol známy obrovskou silou a mocnou postavou, no čas jeho telo zmenil, dnes vyzerá chudší, pokojnejší, až takmer nenápadný. To však klame: aj teraz by dokázal jedinou rukou zastaviť rozbehnutého koňa. Svoju moc však už neukazuje v sile svalov, ale v sile ducha a poznania. <br>Niekedy ho volali Guľo, to nie len pre jeho zavolitú postavu ale aj lebo sa ""guľal"" medzi fakultami. Ayne mal problém ostat v jednej fakulte dlhšie ako akademický level. Jeho široký zámer mu však pomohol a vypracoval sa na váženého riaditeľa univerzity v Jazierchate, kde jeho meno vyslovujú s rešpektom študenti i učenci."
Ogmurok-Rogantor|Absorber|Ogmurok Rogantor   Umelec|Umenie nieje chopiť sa Esencie, umenie je správne ju využiť.|Ogmurok, the Tamer of Flame|Human|Ranger|Divočina|Vydra|54|Živý|Jäger|Vrchný Absorber|Ogmurok vždy lovil. Jeho klan sa nikdy nepresunul do mesta a ostali nechránený v lesoch. Vďaka ich loveckým skúsenostiam im to však nerobilo veľký problém. Ogmurok teda nemal trénin z akédemie ale od klanu. S lovcami z akadémie sa stretol v lesoch keď mali spoločnú korisť. Lovci si naskôr mysleli, že Ogmurok je prízrak lebo jeho pohyby pôsobili magicky až ako keby to bolo pre neho vystúpenie a nie lov. Ogmurok sa vrátil do mesta s lovcami a začal svoju cestu akademiou kde sa niečo naučil ale aj pridal vlastné poznatky a skúsenosti.|Ogmurok vždy lovil. Jeho klan sa nikdy nepresunul do mesta a ostali nechránený v lesoch. Vďaka ich loveckým skúsenostiam im to však nerobilo veľký problém. Ogmurok teda nemal trénin z akédemie ale od klanu. S lovcami z akadémie sa stretol v lesoch keď mali spoločnú korisť. Lovci si naskôr mysleli, že Ogmurok je prízrak lebo jeho pohyby pôsobili magicky až ako keby to bolo pre neho vystúpenie a nie lov. Ogmurok sa vrátil do mesta s lovcami a začal svoju cestu akademiou kde sa niečo naučil ale aj pridal vlastné poznatky a skúsenosti.
Bolyvar-Grats|Popravca|Bolyvar Grats – Sekerník|Ešte raz sa ma opýtajte na citát a narvem vám sekeru tak hlboko do riti, že vám skončí za očami.|Bolyvar Grats|Human|Barbarrian|Jazierchat|Kybad|48|Mŕtvy (750)|Jäger|Ex-Vrchný Popravca, Lovec Skupina 720|Bolyvar, tiež zvaný Sekerník, sa na svoju pozíciu vrchného Popravcu vypracoval sám. Od útleho veku on ako aj jeho bratia boli otcom vedený k boju. Borald Grats bol priemerný lovec, ktorý utrpel ťažké zranenia pri love, preto trénoval svojich synov tak aby sa jeho osudu vyhli. Toto usilie sa vyplatilo. Bolyvarov triunfálny nástup na Jägera bol keď sa ako jediný vrátil z hrdla príšer s polu s telom svojich dvoch spolulovcov a hlavami hrdelnej trojky. Hlavy daroval akedémií na výskum a dnes už vysia v chodbách akedémie v Jazierchate. Bolyvar je ťažko zastihnuteľný lovec lebo sa stále vydáva na nebezpečné miesta no vždy sa vráti aj s novým materialov pre výskum znalcou.|Bolyvar, tiež zvaný Sekerník, sa na svoju pozíciu vrchného Popravcu vypracoval sám. Od útleho veku on ako aj jeho bratia boli otcom vedený k boju. Borald Grats bol priemerný lovec, ktorý utrpel ťažké zranenia pri love, preto trénoval svojich synov tak aby sa jeho osudu vyhli. Toto usilie sa vyplatilo. Bolyvarov triunfálny nástup na Jägera bol keď sa ako jediný vrátil z hrdla príšer s polu s telom svojich dvoch spolulovcov a hlavami hrdelnej trojky. Hlavy daroval akedémií na výskum a dnes už vysia v chodbách akedémie v Jazierchate. Bolyvar je ťažko zastihnuteľný lovec lebo sa stále vydáva na nebezpečné miesta no vždy sa vráti aj s novým materialov pre výskum znalcou.
Damian-Kolt|Popravca|Damian Kolt – Kolt|Neexistuje ideálny okamih, je len aktuálny okamih a my rozhoduje ako ho využijeme.|Damian Doesn't Aim|Human|Fighter|Granulia|Liorha|39|Živý|Jäger|Vrchný Popravca|Damian Kolt, starší brat Erika Kolta, je nový vrchný Popravca po odchode Bolyvara Gratsa. Na rozdiel od svojho brata nebojuje cez presné výpočty a dokonalé plány. Damian víťazí preto, že reaguje rýchlejšie než ostatní. Tam, kde Erik mieri na stred terča, Damian už vystrelil.  Ako starší brat nemal koho nasledovať, preto sa všetko učil vlastnými chybami. Je tvrdohlavý, prispôsobivý a zvyknutý prežiť aj vtedy, keď sa plán rozpadne. Ľudia ho často vidia ako šťastného hrdinu, ktorému všetko vychádza, no Damian si dobre pamätá aj víťazstvá, ktoré ho stáli spolubojovníkov.  Jeho najznámejšou zbraňou je Kolt Thunderstrike, ťažký magický revolver, ktorý strieľa s takou silou, že nemusí trafiť presne, aby zničil cieľ. Výstrel z neho znie ako úder búrky a slabšieho strelca by odhodil dozadu. Damian však stojí pevne.  Dnes vedie Popravcov nie ako dokonalý stratég, ale ako lovec, ktorý vie, že v skutočnom boji prežije ten, kto sa dokáže pohnúť v správnej sekunde. |Damian Kolt, starší brat Erika Kolta, je nový vrchný Popravca po odchode Bolyvara Gratsa. Na rozdiel od svojho brata nebojuje cez presné výpočty a dokonalé plány. Damian víťazí preto, že reaguje rýchlejšie než ostatní. Tam, kde Erik mieri na stred terča, Damian už vystrelil.  Ako starší brat nemal koho nasledovať, preto sa všetko učil vlastnými chybami. Je tvrdohlavý, prispôsobivý a zvyknutý prežiť aj vtedy, keď sa plán rozpadne. Ľudia ho často vidia ako šťastného hrdinu, ktorému všetko vychádza, no Damian si dobre pamätá aj víťazstvá, ktoré ho stáli spolubojovníkov.  Jeho najznámejšou zbraňou je Kolt Thunderstrike, ťažký magický revolver, ktorý strieľa s takou silou, že nemusí trafiť presne, aby zničil cieľ. Výstrel z neho znie ako úder búrky a slabšieho strelca by odhodil dozadu. Damian však stojí pevne.  Dnes vedie Popravcov nie ako dokonalý stratég, ale ako lovec, ktorý vie, že v skutočnom boji prežije ten, kto sa dokáže pohnúť v správnej sekunde. 
Carlie-Hof’Goria|Krotiteľ|Carlie Hof’Goria – Lejdy|Miláčik môj.. Obaja dobre vieme, že citát neukojí tvoju zvedavosť, tak to radšej nechame bez komentára.|Whispers of Hof’Goria|Elf (Drow)|Sorcerer|Juhiera|Virwraek|416|Živá|Grófka, Jäger|Vrchná Krotiteľka|Šľachtický pôvod a pokrvné spojenie na predchádzajúceho vrchného krotiteľa bolo Grófke určite veľmi pomocné pri jej čase strávenom v Akadémií. Bola veľmi nadaný študent, ktorý len málokedy išiel do terénu. Väčšinu času strávila v kabinetoch a kanceláriach. Jej cesta na vrchol bola vcelku rýchla a po jej nástupe nastalo viacero nečakaných zmien. Sprísnila zápisný poplatok a stará sa o školné. Všetci čo sa na to sťažovali zmenili svoj názor po rozhovore s ňou. Fakulta sa stala prínosnejšou pre akadémiu. Grófka však od vtedy vídaná len ojedinele. Väčšinou ju na stretnutiach niekto zastupuje. |Šľachtický pôvod a pokrvné spojenie na predchádzajúceho vrchného krotiteľa bolo Grófke určite veľmi pomocné pri jej čase strávenom v Akadémií. Bola veľmi nadaný študent, ktorý len málokedy išiel do terénu. Väčšinu času strávila v kabinetoch a kanceláriach. Jej cesta na vrchol bola vcelku rýchla a po jej nástupe nastalo viacero nečakaných zmien. Sprísnila zápisný poplatok a stará sa o školné. Všetci čo sa na to sťažovali zmenili svoj názor po rozhovore s ňou. Fakulta sa stala prínosnejšou pre akadémiu. Grófka však od vtedy vídaná len ojedinele. Väčšinou ju na stretnutiach niekto zastupuje.
Kratol-Uroqal|Ochranca|Kratol Uroqal – Sudca|Nič nieje smutnejšie, než strata nádeje. Pretože nádej sa nedá stratiť, dá sa len opustiť.|Kratol Uroqal|Human (Demigod)|Paladin|Chladohrad|Syrvaad|24|Živý|Jäger|Vrchný Ochranca|Kratol mal zmysel pre spravodlivosť skôr ako vedel používať zbrane. Často sa preto dostal do nepríjemných situácií kde ho silnejší neprávom trestali. Kratola to však neodradilo a spravodlivosť nasledoval aj naďalej. Začal pracovať na svojej fyzickej stránke a stal z neho lovca. Nebol najsilnejší či najefektívnejší ale prácu odviedol hrdo. Jeho zmysel pre spravodlivosť mu však nie vždy dovolil príšeru zabiť, stal sa preto príkladným študentom fakulty Ochrancov. Tam neskôr prebral rolu vrchného ochrancu kde zastáva princípy spravodlivosti. |Kratol mal zmysel pre spravodlivosť skôr ako vedel používať zbrane. Často sa preto dostal do nepríjemných situácií kde ho silnejší neprávom trestali. Kratola to však neodradilo a spravodlivosť nasledoval aj naďalej. Začal pracovať na svojej fyzickej stránke a stal z neho lovca. Nebol najsilnejší či najefektívnejší ale prácu odviedol hrdo. Jeho zmysel pre spravodlivosť mu však nie vždy dovolil príšeru zabiť, stal sa preto príkladným študentom fakulty Ochrancov. Tam neskôr prebral rolu vrchného ochrancu kde zastáva princípy spravodlivosti.
Katrina-Hularo|Znalec|Katrina Hularo – Diplomatka|Nikdy nie je neskoro naučiť sa niečo nové.|By Katrinas Will Alone|Tabaxi|Wizard|Pieskostan|-|51|Živá|Jäger|Vrchná Znalkyňa|Silný intelekt sa nezastaví pred ničím. Katrin stratila rodičov ako mladé dievča a musela sa o súredencov starať sama. Mala však dosť umu aby našla riešenie. Seba prihlásila na akadémiu a ako sirota dostala dosť peňazí aby súrodencom zabezpečila bývanie. Nemala teda financie pre seba a musela sa viac vynájsť. Robila istý čas prekladateľku a učila sa jazyky. Jej talentu to prospelo lebo po tragickom skonaní Minaer Hlafton bola zvolená ako vrchný znalca. Časť jej súrodencov sa pridala do akadémie tiež ale Katrin nikdy nezneužila svoje postavenie aby im vypomohla.|Silný intelekt sa nezastaví pred ničím. Katrin stratila rodičov ako mladé dievča a musela sa o súredencov starať sama. Mala však dosť umu aby našla riešenie. Seba prihlásila na akadémiu a ako sirota dostala dosť peňazí aby súrodencom zabezpečila bývanie. Nemala teda financie pre seba a musela sa viac vynájsť. Robila istý čas prekladateľku a učila sa jazyky. Jej talentu to prospelo lebo po tragickom skonaní Minaer Hlafton bola zvolená ako vrchný znalca. Časť jej súrodencov sa pridala do akadémie tiež ale Katrin nikdy nezneužila svoje postavenie aby im vypomohla.
Maximus-Noe|Znalec|Maximus Noe|Rado sa stalo.|The Name of Maximus|Human|Fighter|Jazierchat|Zekkil|40|Živý|Jäger|Najsilnejší Lovec|Muž. Mýtus. Legenda. Najsilnejší a najschopnejší lovec, akého tento svet pozná. To všetko vystihuje Maximusa.<br>Ak existuje niekto, kto by mohol kráčať po stopách Zekkila a prekročiť hranicu medzi polobohom a skutočným bohom, všetci sa zhodnú na jedinom mene. Maximus. Nikto iný nemá k tomu tak blízko.<br>Príbehy o ňom kolujú odkedy bol ešte dieťa. Niektoré znejú absurdne, ako tá o tom, že z postieľky premohol hydru. Iné sú… viac uveriteľné. Zachránené karavany skôr, než bol vôbec prijatý do akadémie. Skúšky, ktoré iní nezvládnu za roky, ukončil za pár mesiacov. A odvtedy? Odvtedy jeho meno len rastie.<br>Pod jeho rukami padajú všetky druhy monštier. Bez rozdielu. Bez zaváhania. A rovnako prirodzene, ako prichádza smrť pre príšery, prichádza obdiv od ľudí. Najmä od žien. Tie sa k nemu hrnú ako sliepky k zrnu. A hoci sa o tom tak nehovorí, niektorí muži by sa na ich mieste ocitli tiež.<br>Maximus si slávu užíva. Neuniká pred ňou, naopak, nosí ju ako plášť. Často ho vídať na podujatiach, obklopeného krásou a smiechom, s pohárom v ruke a iskrou v očiach. Vášnivý, sebavedomý… možno až príliš. Ale kto by mu to vyčítal?<br>Je tým lovcom, akým chce byť každý nováčik na akadémii. A tým, ktorému závidia aj tí, čo už svoju cestu dávno dokončili. A pravdou je, že oprávnene.|Muž. Mýtus. Legenda. Najsilnejší a najschopnejší lovec, akého tento svet pozná. To všetko vystihuje Maximusa.<br>Ak existuje niekto, kto by mohol kráčať po stopách Zekkila a prekročiť hranicu medzi polobohom a skutočným bohom, všetci sa zhodnú na jedinom mene. Maximus. Nikto iný nemá k tomu tak blízko.<br>Príbehy o ňom kolujú odkedy bol ešte dieťa. Niektoré znejú absurdne, ako tá o tom, že z postieľky premohol hydru. Iné sú… viac uveriteľné. Zachránené karavany skôr, než bol vôbec prijatý do akadémie. Skúšky, ktoré iní nezvládnu za roky, ukončil za pár mesiacov. A odvtedy? Odvtedy jeho meno len rastie.<br>Pod jeho rukami padajú všetky druhy monštier. Bez rozdielu. Bez zaváhania. A rovnako prirodzene, ako prichádza smrť pre príšery, prichádza obdiv od ľudí. Najmä od žien. Tie sa k nemu hrnú ako sliepky k zrnu. A hoci sa o tom tak nehovorí, niektorí muži by sa na ich mieste ocitli tiež.<br>Maximus si slávu užíva. Neuniká pred ňou, naopak, nosí ju ako plášť. Často ho vídať na podujatiach, obklopeného krásou a smiechom, s pohárom v ruke a iskrou v očiach. Vášnivý, sebavedomý… možno až príliš. Ale kto by mu to vyčítal?<br>Je tým lovcom, akým chce byť každý nováčik na akadémii. A tým, ktorému závidia aj tí, čo už svoju cestu dávno dokončili. A pravdou je, že oprávnene.
Bratislav-Kalsar|Mesto, Žold|Bratislav Kalsar|Namyslenosť je úžasná pasca, ako náhle do nej raz padnete, už niet úniku.|None|Human|Fighter|Jazierchat|Syrvaad|38|Mŕtvy (715)|Sir, Jäger|Učiteľ|Ó, aký hrdý bol kedysi rod Kalsarov. Bájni bojovníci, ktorých meno sa nieslo svetom ako prísľub nádeje. Boli to oni, kto prvý ukázal, že pred monštrami sa netreba len skrývať, že sa s nimi dá bojovať, poraziť ich a zatlačiť späť do temnôt, odkiaľ prišli. Vďaka nim vznikli akadémie, vďaka nim sa ľudia naučili stáť vzpriamene aj pred hradbami miest. Hoci svet zostáva nebezpečný a každým krokom ďalej od civilizácie rastie riziko, to, čo dnes považujeme za „bezpečné“, existuje len vďaka Kalsarovcom.A predsa ich príbeh nemal slávny koniec. Je až tragické, ako tento rod padol. Hlavná vetva zanikla počas jediného večera v roku 715 pri náhlem, nečakanom útoku na ich rodné sídlo uprostred rodinných osláv.<br>Bratislav, posledný vodca rodu, mal štyri deti, troch synov a dcéru. Neprežil nikto. Zostali len roztrúsené telá a ticho, ktoré po nich nasledovalo. Ich sídlo dodnes stojí opustené, pomaly ho pohlcuje príroda a nikto sa neodváži vstúpiť do jeho tieňov. Leží príliš ďaleko od mesta a príšery si ho rýchlo privlastnili, akoby čakali práve na túto chvíľu.<br>Niektorí hovoria, že neskorší Kalsarovci stratili ostrosť, že sa viac spoliehali na bohatstvo, magické artefakty a svoju povesť než na vlastnú silu. Že bojovali menej, a práve preto sa stali zraniteľnými. Iní však tvrdia opak, že boli ešte väčší než ich predchodcovia, pretože sa o svoje poznanie podelili so svetom a umožnili vznik novej generácie bojovníkov. Pravda sa ale stratila spolu s nimi. No jedno je isté, ich pád narušil rovnováhu. A podľa toho, ako sa monštrá opäť pohybujú v tieňoch, sa zdá, že svet už začína cítiť následky ich neprítomnosti...|Ó, aký hrdý bol kedysi rod Kalsarov. Bájni bojovníci, ktorých meno sa nieslo svetom ako prísľub nádeje. Boli to oni, kto prvý ukázal, že pred monštrami sa netreba len skrývať, že sa s nimi dá bojovať, poraziť ich a zatlačiť späť do temnôt, odkiaľ prišli. Vďaka nim vznikli akadémie, vďaka nim sa ľudia naučili stáť vzpriamene aj pred hradbami miest. Hoci svet zostáva nebezpečný a každým krokom ďalej od civilizácie rastie riziko, to, čo dnes považujeme za „bezpečné“, existuje len vďaka Kalsarovcom.A predsa ich príbeh nemal slávny koniec. Je až tragické, ako tento rod padol. Hlavná vetva zanikla počas jediného večera v roku 715 pri náhlem, nečakanom útoku na ich rodné sídlo uprostred rodinných osláv.<br>Bratislav, posledný vodca rodu, mal štyri deti, troch synov a dcéru. Neprežil nikto. Zostali len roztrúsené telá a ticho, ktoré po nich nasledovalo. Ich sídlo dodnes stojí opustené, pomaly ho pohlcuje príroda a nikto sa neodváži vstúpiť do jeho tieňov. Leží príliš ďaleko od mesta a príšery si ho rýchlo privlastnili, akoby čakali práve na túto chvíľu.<br>Niektorí hovoria, že neskorší Kalsarovci stratili ostrosť, že sa viac spoliehali na bohatstvo, magické artefakty a svoju povesť než na vlastnú silu. Že bojovali menej, a práve preto sa stali zraniteľnými. Iní však tvrdia opak, že boli ešte väčší než ich predchodcovia, pretože sa o svoje poznanie podelili so svetom a umožnili vznik novej generácie bojovníkov. Pravda sa ale stratila spolu s nimi. No jedno je isté, ich pád narušil rovnováhu. A podľa toho, ako sa monštrá opäť pohybujú v tieňoch, sa zdá, že svet už začína cítiť následky ich neprítomnosti...
Ilian-Bekalsar|Znalec|Ilian Bekalsar   Dedič|Svet nie je fér, žiaden rodič by nemal prežiť svoje dieťa ale v našom svete sa to deje denne.|Spark of Bekalsar|Hafl-Elf (Human)|Fighter|Lesohaj|Zylhana|88|Živý|Jäger|Solista Lovec|Rod Kalsar bol prvým, kto svetu priniesol nádej a ukázal, že monštrá možno skutočne poraziť. Napriek tomu však nikdy nevynikal v mágii v ich rukách bola vždy nestála, akoby sa sama zdráhal podvoliť. Tento nepomer sa zmenil až s narodením Iliana. Hoci už nepatrí priamo k hlavnej vetve rodu Kalsar, ale pochádza z línie Bekalsar, jeho pôvod v sebe nesie niečo výnimočné. Možno preto, že jeho matka bola elfka a vďaka tejto krvi v ňom mágia prúdi čistejšie, prirodzenejšie a s väčšou silou než u ktoréhokoľvek z jeho Kalsarských predkov.<br>Ilian zdedil bojové schopnosti svojho rodu, no na rozdiel od nich si podmanil aj umenie mágie, ktoré sa preňho stalo rovnocennou, ak nie silnejšou doménou. Je zosobnením toho, čím sa rod Kalsar nikdy úplne nestal, harmóniou medzi oceľou a čarami. Osud však nebol milosrdný. Ilian je posledným z vetvy Bekalsarov, keďže jeho syn padol počas poslednej skúšky, ktorej čelil. Odvtedy v ňom zostala trpkosť, ktorá zatienila jeho kedysi jasnejšiu povahu, a namiesto dediča budúcnosti sa stal osamelým lovcom, putujúcim svetom bez cieľa, len s vlastným tieňom po boku.<br>Jeho cesta je nebezpečná a plná temnoty, no nik ho nedokáže odradiť. Ľudia ho nazývajú Dedičom. Bol to titul, ktorý kedysi niesol nádej, no dnes znie skôr ako ozvena straty. Raz mu niekto povedal „posledný dedič“. Ten človek potom zmizol. Nikto nevie kam, no všetci tušia pravdu, ktorú sa nik neodváži vysloviť nahlas.|Rod Kalsar bol prvým, kto svetu priniesol nádej a ukázal, že monštrá možno skutočne poraziť. Napriek tomu však nikdy nevynikal v mágii v ich rukách bola vždy nestála, akoby sa sama zdráhal podvoliť. Tento nepomer sa zmenil až s narodením Iliana. Hoci už nepatrí priamo k hlavnej vetve rodu Kalsar, ale pochádza z línie Bekalsar, jeho pôvod v sebe nesie niečo výnimočné. Možno preto, že jeho matka bola elfka a vďaka tejto krvi v ňom mágia prúdi čistejšie, prirodzenejšie a s väčšou silou než u ktoréhokoľvek z jeho Kalsarských predkov.<br>Ilian zdedil bojové schopnosti svojho rodu, no na rozdiel od nich si podmanil aj umenie mágie, ktoré sa preňho stalo rovnocennou, ak nie silnejšou doménou. Je zosobnením toho, čím sa rod Kalsar nikdy úplne nestal, harmóniou medzi oceľou a čarami. Osud však nebol milosrdný. Ilian je posledným z vetvy Bekalsarov, keďže jeho syn padol počas poslednej skúšky, ktorej čelil. Odvtedy v ňom zostala trpkosť, ktorá zatienila jeho kedysi jasnejšiu povahu, a namiesto dediča budúcnosti sa stal osamelým lovcom, putujúcim svetom bez cieľa, len s vlastným tieňom po boku.<br>Jeho cesta je nebezpečná a plná temnoty, no nik ho nedokáže odradiť. Ľudia ho nazývajú Dedičom. Bol to titul, ktorý kedysi niesol nádej, no dnes znie skôr ako ozvena straty. Raz mu niekto povedal „posledný dedič“. Ten človek potom zmizol. Nikto nevie kam, no všetci tušia pravdu, ktorú sa nik neodváži vysloviť nahlas.
Ian-Bekalsar|Ochranca|Ian Bekalsar|Keď môj otec je iskra nového veku, tak ja musím byť plameň!|None|Human|Fighter|Jazierchat|Haš|33|Mŕtvy (747)|Hed|Lovec študent - Skupina 735~1|"Ian Bekalsar bol nesmierne hrdý na svoj pôvod aj na svojho otca, ktorý dal vznik novej línii ""Kalsarov"" spájajúcich oceľ s mágiou v boji proti príšerám. Bekalsarovci sa stali žiarivým klenotom kedysi slávneho rodu Kalsar a Ian túto hrdosť nosil ako znak svojej identity. Bol ambiciózny, možno až priveľmi. Túžil dosiahnuť veľké veci, prekročiť hranice, zanechať stopu. No viac než čokoľvek iné chcel všetko dosiahnuť rýchlo. Nemal totiž tú výhodu, ktorú mal jeho otec, nenarodil sa do vznešenej, dlhovekej línie s elfskými črtami, ale ako obyčajný človek, ktorému čas nikdy nedal rovnaký priestor. A tak sa rozhodol, že ho dobehne… a potom aj predbehne, v každom jednom smere.<br>A darilo sa mu. Na akadémii žiaril tak jasne, že zatienil mnohých svojich rovesníkov. Jeho bratranec Radegard musel vynaložiť všetko úsilie, aby s ním dokázal držať krok, no práve Ianova húževnatosť a odhodlanie ho zároveň poháňali vpred. Boli si navzájom oporou aj výzvou. Ian však nebol len sústredený, bol aj veselý a stal sa radosťou ostatných, niesol so sebou ľahkosť, ktorú si mnohí spájali s nádejou. Vždy sa snažil chrániť druhých, stáť medzi nimi a nebezpečenstvom, akoby to bola jeho prirodzená úloha.<br>Lenže počas poslednej skúšky, ktorá mala rozhodnúť o ich prijatí medzi Jägerov, sa všetko skončilo. Ian bol zabitý. A s jeho smrťou sa zlomilo viac než len jeden život. Radegard z tej straty nikdy celkom nevyšiel a Ilian, jeho otec, v sebe dodnes nesie ticho, ktoré po ňom zostalo. Ian bol svetlom, no tento svet má tendencia pohltiť aj najjasnejšie svetlo."|"Ian Bekalsar bol nesmierne hrdý na svoj pôvod aj na svojho otca, ktorý dal vznik novej línii ""Kalsarov"" spájajúcich oceľ s mágiou v boji proti príšerám. Bekalsarovci sa stali žiarivým klenotom kedysi slávneho rodu Kalsar a Ian túto hrdosť nosil ako znak svojej identity. Bol ambiciózny, možno až priveľmi. Túžil dosiahnuť veľké veci, prekročiť hranice, zanechať stopu. No viac než čokoľvek iné chcel všetko dosiahnuť rýchlo. Nemal totiž tú výhodu, ktorú mal jeho otec, nenarodil sa do vznešenej, dlhovekej línie s elfskými črtami, ale ako obyčajný človek, ktorému čas nikdy nedal rovnaký priestor. A tak sa rozhodol, že ho dobehne… a potom aj predbehne, v každom jednom smere.<br>A darilo sa mu. Na akadémii žiaril tak jasne, že zatienil mnohých svojich rovesníkov. Jeho bratranec Radegard musel vynaložiť všetko úsilie, aby s ním dokázal držať krok, no práve Ianova húževnatosť a odhodlanie ho zároveň poháňali vpred. Boli si navzájom oporou aj výzvou. Ian však nebol len sústredený, bol aj veselý a stal sa radosťou ostatných, niesol so sebou ľahkosť, ktorú si mnohí spájali s nádejou. Vždy sa snažil chrániť druhých, stáť medzi nimi a nebezpečenstvom, akoby to bola jeho prirodzená úloha.<br>Lenže počas poslednej skúšky, ktorá mala rozhodnúť o ich prijatí medzi Jägerov, sa všetko skončilo. Ian bol zabitý. A s jeho smrťou sa zlomilo viac než len jeden život. Radegard z tej straty nikdy celkom nevyšiel a Ilian, jeho otec, v sebe dodnes nesie ticho, ktoré po ňom zostalo. Ian bol svetlom, no tento svet má tendencia pohltiť aj najjasnejšie svetlo."
Radegar-Alkalsar|Absorber|Radegar Alkalsar|Ak mi nechceš kúpiť súdok tak si sem ani nesadaj...|None|Human|Fighter|Jazierchat|Zariana|38|Živý|Hed|Lovec študent - Skupina 735~1|Ak bol rod Kalsar symbolom lovcov príšer a Bekalsar jeho vetvou, ktorá dokázala spojiť mágiu s oceľou, potom Alkalsar bol vždy čiernou ovcou tejto pokrvnej línie. Ich meno sa spájalo s tieňmi a s cestami, ktorým sa ostatní radšej vyhýbali. Keďže Kalsarovcom mágia nikdy neprúdila prirodzene, niektorí z nich začali hľadať jej zdroj inde, hlbšie, temnejšie, tam, kde si sila vždy pýta svoju cenu. A Alkalsarovci túto cestu aj prijali. Temné zdroje, ku ktorým sa obracali, si vyžadovali obete, často kruté a nevyhnutné, čo ich viedlo k rituálom, ktoré balancovali na hrane šialenstva, a neraz aj priamo kriminálnej činnosti.<br>Radegar nebol výnimkou z tejto pošpinenej povesti, no jeho osud sa zmenil, nie voľbou ale trestom. Nebol vybraný do akadémie pre talent či česť, ale bol tam poslaný ako väzeň. Jeho otec zahynul pri poslednom pokuse o prevrat moci a Radegara zajali. Akadémia sa preňho stala skôr väzením než príležitosťou. Práve tam sa však prvýkrát na dlhší čas stretol so svojím bratrancom Ianom. A nenávidel ho. Ian bol všetkým, čím Radegar nebol, lepší, rýchlejší, obdivovaný. No práve táto nenávisť sa stala zvláštnym druhom motivácie. V tieni svojho rivala začal Radegar objavovať vlastné schopnosti, hlboko zakorenené v jeho rode, na ktoré by inak možno nikdy nenarazil.<br>Postupne sa menil. Snažil sa, zatínal zuby, zlepšoval sa. Z trestanca sa stával bojovník, ktorý v sebe niesol isté cnosti. Bol to prvý Alkalsar, ktorý mohol očistiť meno svojej vetvy a prinavrátiť jej stratenú česť. Mohol byť mostom späť k sláve Kalsarovcov. Lenže osud sa opäť zmenil. Počas poslednej skúšky Ian zomrel a s ním sa zlomilo aj niečo v Radegarovi. To, čo si tak dlho budoval, sa rozpadlo.<br>Dnes ho možno nájsť skôr v zadymených tavernách než na bojiskách. Z lovca sa stal muž, ktorý bojuje už len sám so sebou a pre almužnu. Je zatrpknutý, podráždený, agresívny. Meč nahradil pohárom, pričom jeho kroky vedú čoraz častejšie len jedným smerom, k baru. V jeho vnútri zostalo veľa hnevu, ešte viac bolesti… a priveľa alkoholu, aby ich dokázal umlčať. Keď však predsa len vyjde von a opäť sa chopí meča, nerobí to pre česť ani pre povinnosť, ale len pre peniaze, pre ďalší pohár, pre krátky pokoj, pre temný kút, kde môže na chvíľu zabudnúť. V boji je čoraz nevyspytateľnejší a nebezpečnejší. Hoci roky netrénoval, jeho schopnosti nezhrdzaveli, práve naopak, akoby ich pretavila vlastná temnota. To, čo v ňom kedysi mohlo priniesť vykúpenie, sa teraz mení na niečo oveľa surovejšie… a oveľa temnejšie.|Ak bol rod Kalsar symbolom lovcov príšer a Bekalsar jeho vetvou, ktorá dokázala spojiť mágiu s oceľou, potom Alkalsar bol vždy čiernou ovcou tejto pokrvnej línie. Ich meno sa spájalo s tieňmi a s cestami, ktorým sa ostatní radšej vyhýbali. Keďže Kalsarovcom mágia nikdy neprúdila prirodzene, niektorí z nich začali hľadať jej zdroj inde, hlbšie, temnejšie, tam, kde si sila vždy pýta svoju cenu. A Alkalsarovci túto cestu aj prijali. Temné zdroje, ku ktorým sa obracali, si vyžadovali obete, často kruté a nevyhnutné, čo ich viedlo k rituálom, ktoré balancovali na hrane šialenstva, a neraz aj priamo kriminálnej činnosti.<br>Radegar nebol výnimkou z tejto pošpinenej povesti, no jeho osud sa zmenil, nie voľbou ale trestom. Nebol vybraný do akadémie pre talent či česť, ale bol tam poslaný ako väzeň. Jeho otec zahynul pri poslednom pokuse o prevrat moci a Radegara zajali. Akadémia sa preňho stala skôr väzením než príležitosťou. Práve tam sa však prvýkrát na dlhší čas stretol so svojím bratrancom Ianom. A nenávidel ho. Ian bol všetkým, čím Radegar nebol, lepší, rýchlejší, obdivovaný. No práve táto nenávisť sa stala zvláštnym druhom motivácie. V tieni svojho rivala začal Radegar objavovať vlastné schopnosti, hlboko zakorenené v jeho rode, na ktoré by inak možno nikdy nenarazil.<br>Postupne sa menil. Snažil sa, zatínal zuby, zlepšoval sa. Z trestanca sa stával bojovník, ktorý v sebe niesol isté cnosti. Bol to prvý Alkalsar, ktorý mohol očistiť meno svojej vetvy a prinavrátiť jej stratenú česť. Mohol byť mostom späť k sláve Kalsarovcov. Lenže osud sa opäť zmenil. Počas poslednej skúšky Ian zomrel a s ním sa zlomilo aj niečo v Radegarovi. To, čo si tak dlho budoval, sa rozpadlo.<br>Dnes ho možno nájsť skôr v zadymených tavernách než na bojiskách. Z lovca sa stal muž, ktorý bojuje už len sám so sebou a pre almužnu. Je zatrpknutý, podráždený, agresívny. Meč nahradil pohárom, pričom jeho kroky vedú čoraz častejšie len jedným smerom, k baru. V jeho vnútri zostalo veľa hnevu, ešte viac bolesti… a priveľa alkoholu, aby ich dokázal umlčať. Keď však predsa len vyjde von a opäť sa chopí meča, nerobí to pre česť ani pre povinnosť, ale len pre peniaze, pre ďalší pohár, pre krátky pokoj, pre temný kút, kde môže na chvíľu zabudnúť. V boji je čoraz nevyspytateľnejší a nebezpečnejší. Hoci roky netrénoval, jeho schopnosti nezhrdzaveli, práve naopak, akoby ich pretavila vlastná temnota. To, čo v ňom kedysi mohlo priniesť vykúpenie, sa teraz mení na niečo oveľa surovejšie… a oveľa temnejšie.
Lalia-Rosa|Akademia|Lalia Rosa|None|None|Race|Focus|Origin|God|Age|Živá|Title|Správca kráľovských záhrad Jazierchatu|O tejto postave sa toho veľa nevie|Description
Mera-Deva|Akademia|Astra Beliova|None|None|Race|Focus|Origin|God|Age|Živá|Title|Jazerná pani Jazierchatu|O tejto postave sa toho veľa nevie|Description
Dajana-Abalone|Akademia|Dajana Abalone|None|None|Race|Focus|Origin|God|Age|Živá|Title|Kráľovský Mág|O tejto postave sa toho veľa nevie|Description
Naria-Aqu'tia|Akademia|Naria Aqu'tia|None|None|Race|Focus|Origin|God|Age|Živá|Title|Ambasádor Jazierchatu|O tejto postave sa toho veľa nevie|Description
Astra-Beliova|Akademia|Astra Beliova|None|None|Race|Focus|Origin|God|Age|Živá|Title|Listonoš Jazierchatu|O tejto postave sa toho veľa nevie|Description
Bernard-Kováčik|Akademia|Bernard Kováčik|None|None|Race|Focus|Origin|God|Age|Živý|Title|Hlavný profesor Jazierchatu|O tejto postave sa toho veľa nevie|Description
Božena-Dlhoprstova|Akademia|Božena Dlhoprstova|None|None|Race|Focus|Origin|God|Age|Živá|Title|Výdajca predmetov Jazierchatu|O tejto postave sa toho veľa nevie|Description
Isobela-Ignis|Akademia, Bohovia|Isobela Ignis|None|None|Race|Focus|Origin|God|Age|Živá|Title|Správca kapnlky Jazierchatu|O tejto postave sa toho veľa nevie|Description
Kurst-Ntak|Mesto|Kurst Ntak|None|None|Race|Focus|Origin|God|Age|Živý|Title|Velitel stráži Jazierchatu|O tejto postave sa toho veľa nevie|Description
Ostor-Flo'rani|Akademia|Ostor Flo'rani|None|None|Race|Focus|Origin|God|Age|Živý|Title|Správca záhrad Jazierchatu|O tejto postave sa toho veľa nevie|Description
Pankrác-Sadlomas|Akademia|Pankrác Sadlomas|None|None|Race|Focus|Origin|God|Age|Živý|Title|Vrchný kuchár Jazierchatu|O tejto postave sa toho veľa nevie|Description
Urbon-Fik|Akademia|Urbon Fik|None|None|Race|Focus|Origin|God|Age|Živý|Title|Alchemic Jazierchatu|O tejto postave sa toho veľa nevie|Description
Vivien-Fik|Akademia|Vivien Fik|None|None|Race|Focus|Origin|God|Age|Živá|Title|Kováč Jazierchatu|O tejto postave sa toho veľa nevie|Description
Wena-Bezmena|Akademia|Wena Bezmena|None|None|Race|Focus|Origin|God|Age|Živá|Title|---|O tejto postave sa toho veľa nevie|Description
Žigmun-Ropak|Akademia|Žigmund Ropak|None|None|Race|Focus|Origin|God|Age|Živý|Title|Kováč Jazierchatu|Pracoval roky ako kováč v akadémií ale však na začiatku akademického roku 750 ho zobrali stráže za prečin. Krádež a konzumácia z alchymistického laboratória. Žigmunda posadili do väznice, odsúdilo ho a poslali ťažiť do baní Sostrovu. Kde najväčšie podiely na baniach má rod Sartén.|Description
Pier-Ursidae|Akademia, Ochranca|Pier Ursidae|None|None|Human|Fighter|Jazierchat|Errasa|55|Živý|Jäger|Krčmár Jazierchatu, Lovec skupiny 720|O tejto postave sa toho veľa nevie|Description
Joe-Ursidea|Mesto, Absorber|Joe Ursidae – Opatrovateľ|None|Keeper of the Wild Flame|Human|Fighter|Jazierchat|Ursox|36|Živý|Hed|Opatroval Magických tvorov, Ex-študent - Skupina 735~1|O tejto postave sa toho veľa nevie|Description
Aren-Vey-Lady|Akademia|Aren Vey|None|None|Race|Focus|Origin|God|Age|Živá|Title|Krčmárka Jazierchatu|O tejto postave sa toho veľa nevie|Description
Kajn-leba-Stablemaster|Akademia|Kajn leba|None|None|Race|Focus|Origin|God|Age|Živý|Title|Stajniar Jazierchatu|O tejto postave sa toho veľa nevie|Description
Mia-Krostova-Dorm|Akademia|Mia Krostova|None|None|Race|Focus|Origin|God|Age|Živá|Title|Domovníčka Jazierchatu|O tejto postave sa toho veľa nevie|Description
Olqan-Eroz-Archivar|Akademia|Olqan Eroz|None|None|Race|Focus|Origin|God|Age|Živý|Title|Archivár Jazierchatu|O tejto postave sa toho veľa nevie|Description
Maria-Šiphova-Medic|Akademia, Liecenie|Maria Šiphova|None|None|Race|Focus|Origin|God|Age|Živá|Title|Liečiteľka Jazierchatu|O tejto postave sa toho veľa nevie|Description
Richard-Dkn|Absorber|Richard Dkn – Mutant|None|Richard the Mutant|Half-Orc|Rogue|Granulia|Bland|40|Živý|Hed|Učiteľ, Lovec Skupina 730|Na prvý pohľad pôsobí ako príšera z nočných môr, telo polo-Orka poznačené rokmi bezohľadného využívania esencie sa pretvorilo do podoby, ktorú si mnohí mýlia so strygou. Svaly i koža nesú jazvy nadprirodzených premien a jeho oči žiaria cudzím svetlom. No hoci jeho vzhľad vzbudzuje strach, skutočná povaha ho prezrádza inak: je priateľský, otvorený a loajálny. Ovláda luk s pozoruhodnou presnosťou a esenciu s takou ľahkosťou, že sa zdá, akoby mu pretekala žilami. Je paradoxom sám o sebe – desivý navonok, no blízky a spoľahlivý spoločník pre tých, čo sa odvážia priblížiť.|Na prvý pohľad pôsobí ako príšera z nočných môr, telo polo-Orka poznačené rokmi bezohľadného využívania esencie sa pretvorilo do podoby, ktorú si mnohí mýlia so strygou. Svaly i koža nesú jazvy nadprirodzených premien a jeho oči žiaria cudzím svetlom. No hoci jeho vzhľad vzbudzuje strach, skutočná povaha ho prezrádza inak: je priateľský, otvorený a loajálny. Ovláda luk s pozoruhodnou presnosťou a esenciu s takou ľahkosťou, že sa zdá, akoby mu pretekala žilami. Je paradoxom sám o sebe – desivý navonok, no blízky a spoľahlivý spoločník pre tých, čo sa odvážia priblížiť.
Melion-Lor’niala|Popravca|Melion Lor’niala   Dym|None|Shadow and Starfire|Elf (Drow)|Rogue|Lesohaj|Vacan|189|Živý|Hed|Učiteľ, Lovec Skupina 730|Narodil sa ako druhý syn urodzenej rodiny, vždy v tieni svojej staršej sestry. Kým ona pútala pozornosť a obdiv, on zostával nepovšimnutý. Pozorne sledoval dianie okolo seba a učil sa, kým si iní jeho prítomnosť sotva všímali. Z nenápadného mladíka vyrástol schopný aristokrat, ktorý vie viesť zdvorilé rozhovory v sieňach šľachty, no zároveň sa osvedčil aj v boji so zbraňou v ruke. Jeho pravou silou však zostáva schopnosť pohybovať sa nevidený, zostať skrytý v pozadí a objaviť sa až vtedy, keď nastane tá správna chvíľa.|Narodil sa ako druhý syn urodzenej rodiny, vždy v tieni svojej staršej sestry. Kým ona pútala pozornosť a obdiv, on zostával nepovšimnutý. Pozorne sledoval dianie okolo seba a učil sa, kým si iní jeho prítomnosť sotva všímali. Z nenápadného mladíka vyrástol schopný aristokrat, ktorý vie viesť zdvorilé rozhovory v sieňach šľachty, no zároveň sa osvedčil aj v boji so zbraňou v ruke. Jeho pravou silou však zostáva schopnosť pohybovať sa nevidený, zostať skrytý v pozadí a objaviť sa až vtedy, keď nastane tá správna chvíľa.
Niliana-Lor’niala|Znalec|Niliana Lor’niala   Svetlica|None|Shadow and Starfire|Elf (Drow)|Wizard|Lesohaj|Elavalur|189|Živá|Hed|Učiteľ, Lovec Skupina 730|Na rozdiel od svojho mladšieho brata vždy stála v popredí. Ľudia ju obklopovali, rozprávali sa s ňou, hľadali jej pozornosť a ona si ju užívala. Bola šťastná vždy, keď mohla žiariť v strede diania, a práve táto túžba po svetle ju priviedla k najznámejšiemu kúzlu, ktoré vytvorila – zaklínadlu, schopnému oslepiť a očariť celú miestnosť jediným gestom. Pre jej povahu a mocnú mágiu jej prischlo meno Svetlica. Hoci je jej koža tmavá ako uhlie jej prítomnosť žiari tak, že ju nemožno prehliadnuť.|Na rozdiel od svojho mladšieho brata vždy stála v popredí. Ľudia ju obklopovali, rozprávali sa s ňou, hľadali jej pozornosť a ona si ju užívala. Bola šťastná vždy, keď mohla žiariť v strede diania, a práve táto túžba po svetle ju priviedla k najznámejšiemu kúzlu, ktoré vytvorila – zaklínadlu, schopnému oslepiť a očariť celú miestnosť jediným gestom. Pre jej povahu a mocnú mágiu jej prischlo meno Svetlica. Hoci je jej koža tmavá ako uhlie jej prítomnosť žiari tak, že ju nemožno prehliadnuť.
Enedrie-Onaior|Krotiteľ|Enedrie Onaior   Struna|Ak si nikdy nepretrhol strunu, nevieš čo je to hrať!|Serenade of Fire and Elysium|Tiefling|Bard|Pieskostan|Beau|38|Živá|Hed|Učiteľ, Lovec Skupina 730|Táto tieflingská bardka je známa svojím pokojným a nežným hlasom, ktorý dokáže upokojiť ducha a obmäkčiť srdce. No keď sa rozčertí, jej spev získa silu, akoby sa z jej hrdla ozývali samotné plamene pekla – zvuk taký mocný, že dokáže otriasť stenami. Jej vernou spoločníčkou je lutna, na ktorej hrá s vášňou, ktorá neraz prerastie do takého entuziazmu, že pri predstavení praskne struna. Napriek týmto drobným nehodám jej hudba nikdy nestráca čaro, a práve v nej sa spája krása a sila, ktoré z nej robia nezabudnuteľnú krotiteľku.|Táto tieflingská bardka je známa svojím pokojným a nežným hlasom, ktorý dokáže upokojiť ducha a obmäkčiť srdce. No keď sa rozčertí, jej spev získa silu, akoby sa z jej hrdla ozývali samotné plamene pekla – zvuk taký mocný, že dokáže otriasť stenami. Jej vernou spoločníčkou je 16-strunová harfa, na ktorej hrá s vášňou, ktorá neraz prerastie do takého entuziazmu, že pri predstavení praskne struna. Napriek týmto drobným nehodám jej hudba nikdy nestráca čaro, a práve v nej sa spája krása a sila, ktoré z nej robia nezabudnuteľnú krotiteľku.
Ludvik-Grats|Ochranca|Ludvik Grats   Snehumil|None|The Light Behind Ludvik's Fist|Human|Cleric/Barbarian|Jazierchat|Rohan|46|Živý|Hed|Učiteľ, Lovec Skupina 730|Mladší brat Bolyvara a rešpektuhodný lovec vo svojom vlastnom odbore. Ludvik ma omnoho pokojnejšiu povahu než jeho brat a pravdepodobne aj preto si zvolil inú fakultu alebo možno len následoval stopy najstaršieho brata, Gregoriho. Posledné roky trávil Ludvik v Chladohrade kde pracoval na výpravách za Aurora Serpentom. Nové povinnosti ho však zavolali späť do rodného mesta Jazierchatu.<br><br>Je hrdý na schopnosti jeho skupiny, pretože aj keď niekto narušil boj v aréna, skupina to zvládla bez toho aby niekto musel zasahovať.|Mladší brat Bolyvara a rešpektuhodný lovec vo svojom vlastnom odbore. Ludvik ma omnoho pokojnejšiu povahu než jeho brat a pravdepodobne aj preto si zvolil inú fakultu alebo možno len následoval stopy najstaršieho brata, Gregoriho. Posledné roky trávil Ludvik v Chladohrade kde pracoval na výpravách za Aurora Serpentom. Nové povinnosti ho však zavolali späť do rodného mesta Jazierchatu.
Henrieta-Gûl'hosta|Znalec|Henrieta Gûl'hosta|None|None|Elf (Drow)|Wizard|Juhiera|Zylhana|189|Živá|---|Lovec študent - Skupina 750~1|O tejto postave sa toho veľa nevie|Mladá kúzelníčka z nižšej šľachty elfského rodu, ktorá má už za sebou prvé skúšky mágie a obstála v nich so cťou. Je znalá, no jej najväčšou prednosťou nie je iba vedomosť, ale aj neutíchajúca snaha a mladícka ambicióznosť. Hoci ešte nemá toľko skúseností ako jej starší druhovia, jej odhodlanie a chuť rásť ju neraz posunuli ďalej, než by kto očakával. V jej očiach sa spája iskra zvedavosti s túžbou po uznaní – a je jasné, že pred sebou má cestu, ktorá môže viesť k veľkým veciam.
Lea-Líška|Popravca|Lea Líška|None|None|Human|Fighter|Jazierchat|Syrvaad|22|Živá|---|Lovec študent - Skupina 750~1|O tejto postave sa toho veľa nevie|Mladá bojovníčka, odvážna a neskrotná, ktorá sa len málokedy nechá zastrašiť. Jej srdce horí obdivom k legendárnemu hrdinovi menom Dexter Kold. Neváha o ňom hovoriť s úctou, bez hanby priznáva, že je jej vzorom a túži sa mu priblížiť skutkami i odvahou. Verí, že v jej žilách koluje jeho krv – krv bohov, ktorá dala svetu hrdinu zapísaného do piesní a príbehov. Práve táto viera jej dodáva silu a odvahu postaviť sa nebezpečenstvám, ktoré by iní obchádzali. Je ešte mladá, no jej odhodlanie a túžba niesť dedičstvo hrdinov ju robia neprehliadnuteľnou.
Leander-Goro|Krotiteľ|Leander Goro|None|None|Tiefling|Bard|Pieskostan|Zael|24|Živý|---|Lovec študent - Skupina 750~1|O tejto postave sa toho veľa nevie|Mladý tiefling, ktorého vystupovanie je plné sebavedomia, ambície a neraz až namyslenosti. No jeho prirodzený šarm spôsobuje, že mu to málokto vyčíta – vie si získať pozornosť i sympatie, aj keď pôsobí povýšene. Sám seba rád opisuje ako nežného k ženám, zvieratám a v podstate ku všetkým, a hoci je v tom cítiť kus sebaprezentácie, jeho úprimná snaha zapôsobiť sa nedá poprieť. Je poháňaný túžbou zapísať svoje meno do dejín a stať sa prvým zo svojho rodu, ktorý naozaj niečo znamená.
Oto|Ochranca|Oto|None|None|Goliath|Paladin|Ruiny Temnoty|Koniec|37|Živý|---|Lovec študent - Skupina 750~1|O tejto postave sa toho veľa nevie|Prišiel z iného sveta, no o sebe prezradí len málo. Slová šetrí, no jeho prítomnosť hovorí zaňho – je mocný a pevný ako kameň. Hovorí sa, že na túto cestu ho vyslal samotný boh, ktorému slúži. A to meno, ktoré jeho boha sprevádza, budí strach: Koniec. Jeho úlohou je stať sa lovcom. Jeho mlčanie i neústupná sila pôsobia desivo, no zároveň vzbudzujú úctu.
Timeo-Hlina|Absorber|Timeo Hlina|None|None|Human|Rogue|Severana|Zurro|16|Živý|---|Lovec študent - Skupina 750~1|O tejto postave sa toho veľa nevie|Je sirota, ktorej otec nikdy nebol známy a matka zomrela ešte v jeho detstve. Vyrastal v baniach, kde deň čo deň doloval a zakusoval ťažobu tvrdej práce. Tvár i ruky si zvyklé na špinu a mozole sú jeho znamením, no napriek tomu si dokázal vydrieť cestu von – ušetriť dosť peňazí na prihlášku a zvládnuť skúšky, ktoré by iných položili. Za úspechom sa však skrýva hnev. V jeho očiach sa leskne nevraživosť, akoby obviňoval celý svet za možnosti a privilégiá, ktoré jemu boli odopreté. Jeho minulosť ho naučila odolnosti, no zároveň v ňom nechala jazvu, ktorá mu nedovolí zabudnúť, odkiaľ prišiel.
Alienna-Eru'Galad|Krotiteľ|Alienna Eru˜Galad|None|None|Elf (High)|Cleric|Lesohaj|Ralogolor|248|Živá|---|Lovec študent - Skupina 750~2|O tejto postave sa toho veľa nevie|Elfka vznešeného rodu, najmladšia zo svojich súrodencov. Už od detstva bola známa ostrým jazykom a neochvejnou vierou, no jej cesty sa neuberali k oltáru ani k dvoru – hoci by sa z nej stala výborná kňažka či diplomatka, rozhodla sa inak. Vybrala si univerzitu pre lovcov. Jej správanie prezrádza pôvod: vyberavý vkus a urodzený postoj, no pritom neupadla do pýchy. Naopak, prekvapuje otvorenosťou a ľudskou stránkou, aká je u elfov z vysokých rodov zriedkavá. Práve v tejto rovnováhe medzi urodzenosťou a úprimnosťou sa skrýva jej krása.
Mok-Gulok|Absorber|Mok Gulok|None|None|Dworc|Monk|Granulia|Tiny|20|Živý|---|Lovec študent - Skupina 750~2|Nemá o mágiu záujem radšej trénuje.|Zapálený bojovník, ktorého sila nespočíva v ostrí meča, ale v jeho vlastných pästiach. Nepotrebuje zbrane, aby vzbudzoval rešpekt – jeho telo a srdce sú stvorené pre boj. Hoci má nižší vzrast než väčšina orkov jeho zápal pre boj je rovnaký ak nie väčší. Je to dwork, jedinečná krv, v ktorej sa spája húževnatosť s divokosťou. Brada mu ešte nestihla narásť, no jeho svaly a hnev sa už dávno prebudili. Je hladný po výzvach, po zápasoch a chce dokázať, že aj bez ocele v ruke môže stáť bok po boku najväčším bojovníkom.
Emilia-Tavenova|Znalec|Emilia Tavenova|None|None|Genasi|Fighter|Skalodom|Ghad|26|Živá|---|Lovec študent - Skupina 750~2|O tejto postave sa toho veľa nevie|Mladá Emilia pôsobí ako neskrotný plameň – a ten v nej doslova horí. Vie šikovne narábať so zbraňami, no rovnako zdatne ovláda aj mágiu, čo z nej robí všestrannú a nebezpečnú bojovníčku. Jej matka bola obyčajná krčmárka, no po otcovi – dobrodruhovi s ohňom v krvi – zdedila dar, ktorý ju odlišuje od ostatných. Emilia si je vedomá svojho širokého potenciálu a hoci na cvičisku vždy dokáže zažiariť, v spoločnosti pôsobí neraz neistým či trápnym dojmom.
Trigobor|Ochranca|Trigobor|None|None|Firbolg|Druid|Lesy Života|---|123|Živý|Iar (Titul pre druida v Lesoch Života)|Lovec študent - Skupina 750~2|Viac hľadný ako unavený a že unavený je dosť. Bodaj by nie keď so sebou všade nosí takú váhu. Ale zdá sa, že za trochu jedla vie bať nápomocný.|O jeho prítomnosti koluje viac otázok než odpovedí. Nikto presne nevie, prečo prišiel – najradšej totiž spí, je a trávi čas v rozhovoroch so zvieratami. Na prvý pohľad nepôsobí ako ten, kto by mal byť lovcom, a už vôbec nie ako niekto, kto by hľadal dobrodružstvo. Jeho domovský svet bol totiž pokojný a príjemný, bez tieňov a násilia, ktoré vládnu tu. Prečo ho opustil, zostáva záhadou – a keď sa ho na to niekto opýta, odpovie iba všeobecne: „niekto to urobiť musí,“ alebo „ak nie ja, tak kto?“ či dokonca len prosté „lebo môžem.“
Rick-Okomel|Popravca|Rick Okomel|None|None|Human|Barbarrian|Pieskostan|Zekkil|25|Živý|---|Lovec študent - Skupina 750~2|Hrdý na svoju fyzickú zdatnosť a veľmi podráždený ak mu niečo nevyjde, Mágia ho nezaujima vôbec ale zato cvičisko je pre neho radosť. Zdá sa svoje sekery ovláda precízne na blízko aj na diaľku.|Keď bol ešte chlapcom, jeho karavanu napadli piesočné príšery. Boli také mocné, že by ich všetkých pobili, nebyť zásahu boha-dobrodruha menom Zekkil. Ten jediný ich zachránil – a Rick si odvtedy niesol v srdci prísahu. Chcel sa stať bojovníkom, ktorý zničí každú príšeru, nech by bola akokoľvek desivá. Mágia mu nikdy veľmi nešla, no to ho neodradilo. Trénoval, kedykoľvek sa naskytla príležitosť, a telo si vypracoval tak, že dnes je fyzicky mocný, odhodlaný a pripravený postaviť sa nebezpečenstvu. V jeho očiach stále horí iskra chlapca, ktorý prežil – a muža, ktorý sa rozhodol nikdy viac nepodvoliť strachu.
Kav|Krotiteľ|Kav|None|None|Kobold|Warlock|Raj Drakov|---|9|Živý|---|Lovec študent - Skupina 750~3|O tejto postave sa toho veľa nevie|Kav je mladý kobold, ktorého povaha spája rozvahu s vnútorným nepokojom. Zdá sa, akoby sa na univerzitu lovcov dostal náhodou, bez jasného cieľa. Jeho rodičia pochádzajú z miesta známeho ako Raj drakov, no usadili sa tu, aby žili pokojnejšie. Kav však zatúžil spoznať svet a vybral sa na cestu, ktorá ho priviedla až sem. Sám presne netuší, čo by mal robiť, no prijíma to ako česť a snaží sa splniť, čo sa od neho očakáva. V jeho očiach je badateľná neistota, ale aj zápal odhodlania.
Brakrag-Železokostry|Ochranca|Brakrag Železokostry|None|None|Dwarf (Brewer)|Cleric|Vyskyna|Trudgru|267|Živý|---|Lovec študent - Skupina 750~3|O tejto postave sa toho veľa nevie|Starý trpaslík, ktorý väčšinu svojho života zasvätil službe ako kňaz. Roky kázal a pomáhal, no časom si uvedomil, že by chcel dokázať viac – niečo väčšie a hmatateľnejšie, než len slová. Preto sa rozhodol prihlásiť na univerzitu lovcov, aby mohol svojimi skutkami chrániť a pomáhať. Medzi študentmi pôsobí ako priateľ a neraz aj ako mentor, ktorého rady si ostatní vážia. Je najstarším študentom trpaslíckeho pôvodu, akého univerzita kedy mala. Jeho vek a skúsenosti však nie sú bremenom, ale oporou, ktorá dodáva ostatným väčšiu istotu.<br><br>Navonok však pôsobí veľmi nebezpečne, ono ott, jeho rozhodunite stať sa lovcom prišlo až potom ako sa pohádal s kňazmi, Brakrag si myslím, že môžu spraviť viac, jeho kolegovia to však vida ako rúhanie a nedôvera voči bohov. Tak ich Brakrag vybohoval, oni ho vyhodili a chýry sa rozniesli. To mu však hrá do karát lebo za svoju vieru získal väčší rešpekt okolia.
Ravorit-Meden|Znalec|Ravorit Meden|None|None|Gnome|Artificier|Granulia|Zedrad|70|Živý|---|Lovec študent - Skupina 750~3|O tejto postave sa toho veľa nevie|Ako väčšina gnomov, aj on je zapálený pre vedu, technológiu a nové poznatky. No jeho zvedavosť sa neobmedzuje iba na stroje či knihy – rovnako rád spoznáva aj svet okolo seba, či už zblízka alebo z ďalekých krajín. Preto sa rozhodol cestovať, učiť sa a zároveň zanechať stopu, ktorá presiahne obyčajné poznanie. Túži svoje vynálezy a technológie aplikovať na to, čo je potrebné najviac – na boj s príšerami. Práve táto myšlienka ho priviedla na akadémiu lovcov, kde sa usiluje spojiť dohromady cestovanie, vynaliezavosť a vlastnú reputáciu.
Gema-Bystrok|Absorber|Gema Bystrok|None|None|Halfling (Tongue)|Bard|---|---|43|Živá|---|Lovec študent - Skupina 750~3|O tejto postave sa toho veľa nevie|Život kočovníčky jej nikdy úplne nesedel – túžila po niečom stabilnejšom, než je večné cestovanie od miesta k miestu. Vždy mala dar reči a nadanie na slovíčka, ktoré by bolo hriechom nevyužiť. Preto sa rozhodla skúsiť šťastie na univerzite lovcov. Za malý mešec, ktorý si dokázala naplniť počas rokov kočovania, sa jej podarilo zapísať a získať miesto na akedémií. Ďalej už bolo je len na nej, aby sa tu udržala a presvedčila všetkých, že práve sem patrí – a to sa jej aj darí. Vždy nadšená, veselá a s nádejou v očiach pôsobí ako niekto, kto má za sebou dlhé roky ciest, no konečne našiel bezpečné miesto na odpočinok. A aj keď príde čas vyraziť do nebezpečenstva, berie to s úsmevom a teší sa čo ten zážitok prinesie.
Skratrulgondiam|Popravca|Skratrulgondiam|None|None|Goblin|Blood Hunter|Ogramište|Vlk|19|Živý|---|Lovec študent - Skupina 750~3|Je viac nenápadný ako by sa dalo čakať ale aj vďačný a na goblina prekvapivo pokojný.|Pre goblina je ťažké získať prijatie, a on to veľmi dobre vie. Hoci časy goblinských plienení sú dávno preč, stále sa na jeho ľud pozerá s nedôverou a odporom. On sám si je tejto stigmy plne vedomý, no namiesto popierania využíva svoje vrodené, nebezpečné stránky – obracia ich v zbraň, ktorá mu pomáha stať sa lepším lovcom. V rozhovoroch pôsobí zdrhavo, málokedy prezradí viac, než je nevyhnutné, a zbytočné priateľstvá si nehľadá. Väčšinou len mlčky pozoruje, čo iným nebýva príjemné a preto často trávi čas sám. Ale je malý a nenápadný, často ho ani nevidieť. Neraz poreto počul niečo čo nemal a ani sám nechcel.
Princ-Lanc-Rueox|Krotiteľ|Lanc Rueox|None|Golden Boy of the Crown|Half-Elf (High)|Paladin|Jazierchat|Kybad|23|Živý|Markíz|Lovec študent - Skupina 750~4|Princ si myslí, že všetko čo sa deje je len o ňom alebo kvôli nemu. Stále sa stará do všetkých a dáva im pocítiť, že on je princ! Jeho postavenie je silné ale jeho správanie tak nepôsobí, aj počas boja sa zdalo, že princ robí sebaisto chybné pohyby. |Jeho veličenstvo, markíz Lanc Rueox, syn tunajšieho kráľa, ktorého však koruna pravdepodobne nikdy nečaká. Trón pripadá prednostne elfom či pol-elfom, aby ich vláda trvala dlhšie, než by zvládol smrteľný človek. Práve preto sa Lanc rozhodol zapísať na Akadémiu lovcov – dúfa, že ak sa ukáže ako schopný a získa si meno, otvorí sa mu cesta k titulu. V skutočnosti je však dosť rozhýčkaný a na rozdiel od ostatných študentov sa ako jediný objavil so svojím vlastným ochrancom. Ten bol prinútený nastúpiť spolu s ním a zúčastniť sa všetkých podujatí – vrátane bojov – len preto, že si to mladý, namyslený markíz želal. A tak všade, kde sa objaví Lanc Rueox, stojí verne po jeho boku aj jeho osobný strážca.
Baron-Valér-Sartén|Krotiteľ|Valér Sartén|None|None|Human|Wizard|Sostrov|Geles|29|Živý|Baron|Lovec študent - Skupina 750~4|Nezdá sa, že barón prišiel na akadémiu s úmyslom hájiť záujmy fakulty. Skôr prišíel hájiť svoje meno, zosilnel svoje postaveni a poceste, zhodiť dole tých, ktorý už sú nižšie. Barón je však barón, má peniaze, má príjem z baní a keď sa mu niekto nepáči tak to pocíti bez toho aby to mohol násilne zmeniť. Barón je nebezpečný nielen pre svoje financie a postavenie ale aj jeho mágia je na vyššej úrovni než je priemer.|Mladý barón, ktorého meno je rovnako známe pre jeho bohatstvo, ako aj pre jeho správanie. Je vysoko vzdelaný mág, no jeho vedomosti sprevádza egoizmus a povýšenosť. Neustále si potrebuje dokazovať vlastnú nadradenosť a málokedy prihliada na pocity iných – preňho je dôležitejšie víťazstvo než vzťahy. Zo všetkých problémov sa vie vyplatiť, či už peniazmi alebo vplyvom, a „nie“ je preňho slovo, ktoré jednoducho neexistuje. Je prehnane bohatý a dáva to najavo – od šiat až po nástroje, ktorými sa obklopuje. Kvalita je preňho samozrejmosťou a nič menej neprijíma. V očiach ostatných možno pôsobí namyslene, ale nikto s tým nič nepraví lebo dostať na jeho zlú stránku znamená dostať sa navždy do problémov.
Princezna-Lejla-Fier'Nuano|Znalec|Lejla Fier˜Nuano|None|None|Aasimar|Sorcerer|Lesohaj|Zylhana|27|Živá|Princezna|Lovec študent - Skupina 750~4|Lejla sa zdá, že zatiaľ najpriatelskejší člen skupiny 750~4. Je pokojná a konfliktu sa vyhýba, skôr po konflikte sa snaží veci upokojiť a stlmiť.|V jej duši horí svetlo anjelských bytostí, no srdce má pevne spútané povinnosťou. Princezná, ktorá nedokáže len sedieť v paláci a čakať na princa, sa rozhodla kráčať vlastnou cestou. Na seba kladie prehnane vysoké nároky – verí, že je jej poslaním liečiť a uzdravovať svet. Je obdarená liečiteľským nadaním, no dobre vie, že samotný dar nestačí. Preto študuje, hľadá a skúša získať vedomosti i moc, aby mohla svoje poslanie naplniť. Túži po spoločníkoch, ktorí jej budú stáť po boku, a po talente, ktorý dokáže zosilniť jej snahu.
Vojvodkina-Timea-Rolova|Popravca|Timea Rolova|None|None|Human|Fighter|Severana|Rarex|24|Živá|Vojvodkyňa|Lovec študent - Skupina 750~4|O tejto postave sa toho veľa nevie|Netreba sa nechať zmiasť jej titulom – vojvodkyňa Timea nikdy nestála v riadnej vojne. S príšerami však bojovala od detstva, keď ju jej najlepší inštruktori trénovali priamo na živých monštrách. Práve tam objavila záľubu v ich pobíjaní a hneď ako to bolo možné, pridala sa k univerzite lovcov. Jej cieľom nie je len príšery poraziť, ale aj užívať si samotný akt boja. Timea je sebavedomá, až arogantne presvedčená o svojej neporaziteľnosti. Dokáže byť milá k ostatným, no často len preto, aby si z blízka mohla užiť ich obdiv a vypočuť si chválu, keď ukáže, čo dokáže.
Zeman-Walandrio-Strygus|Absorber|Walandrio Strygus|None|None|Half-Elf (Human)|Ranger|Pieskostan|Errasa|45|Živý|Zeman|Lovec študent - Skupina 750~4|O tejto postave sa toho veľa nevie|Walandrio pochádza z ušľachtilého rodu elfov, no jeho meno vždy nieslo ťarchu hanby – je totiž bastardom. Napriek tomu bol slušne vychovaný a skúsenosťami si vydobyl miesto v spoločnosti. Ako radca veliteľa mestských stráží sa osvedčil natoľko, že získal titul zemana, čím prekonal mnohé predsudky. Na univerzitu sa však neprihlásil pre prestíž, ale až vtedy, keď na vlastné oči uvidel, aké nebezpečné a mocné dokážu byť príšery. Dobre chápe, že postavenie a rod neochránia pred ich silou – a práve preto hľadá cestu, ako sa im postaviť ako lovec.
Zori-Misfit-ScaleMail|Absorber|Zori Misfit|None|None|Tiefling|Warlock|Tmavohmla|Atheista|22|Živý|---|Lovec študent - Skupina 750~5|Ozaj nemá rád wizardov.|O tejto postave aktuálne nie je tak veľa známe.
Teodor-Vonhohenberg_Clean|Popravca|Teodor Von Hohenberg|None|None|Human|Fighter|Jazierchat|Zekkil|24|Živý|---|Lovec študent - Skupina 750~5|Určite vám niečo hovorí meno Vonhohenberg. Ide o známy rod z Dolinoraja, ktorý kedysi patril medzi ochrancov tohto mesta. Mali na starosti strážne veže, sledovali možné hrozby a práve im sa pripisuje vina za jeho pád do rúk príšer.<br>Je to zároveň pravda a zároveň nefér tvrdenie. Príšer bolo nesmierne veľa. Rod Vonhohenberg zmobilizoval jednotky, bojoval a ako jeden z prvých padal na bojisku. Prežili len tí najmladší, ktorí si ešte ani nemohli spomenúť na to, čo všetko ich predkovia obetovali, akí boli ani ako vyzerali.<br>Deti, ktorým ostalo len meno, a hanba, s ktorou sa na nich ostatní odvtedy pozerali.<br>Dnes tu stojí nová tvár tohto rodu, Teodor Vonhohenberg. Snaží sa napraviť krivdu, ktorá na ich mene spočíva. Rovnako ako jeho predkovia aj on sa hlási do akadémie, odhodlaný napraviť reputáciu svojho rodu a zároveň pomôcť svetu.|Určite vám niečo hovorí meno Vonhohenberg. Ide o známy rod z Dolinoraja, ktorý kedysi patril medzi ochrancov tohto mesta. Mali na starosti strážne veže, sledovali možné hrozby a práve im sa pripisuje vina za jeho pád do rúk príšer.<br>Je to zároveň pravda a zároveň nefér tvrdenie. Príšer bolo nesmierne veľa. Rod Vonhohenberg zmobilizoval jednotky, bojoval a ako jeden z prvých padal na bojisku. Prežili len tí najmladší, ktorí si ešte ani nemohli spomenúť na to, čo všetko ich predkovia obetovali, akí boli ani ako vyzerali.<br>Deti, ktorým ostalo len meno, a hanba, s ktorou sa na nich ostatní odvtedy pozerali.<br>Dnes tu stojí nová tvár tohto rodu, Teodor Vonhohenberg. Snaží sa napraviť krivdu, ktorá na ich mene spočíva. Rovnako ako jeho predkovia aj on sa hlási do akadémie, odhodlaný napraviť reputáciu svojho rodu a zároveň pomôcť svetu.
lorberth-Forespear|Krotiteľ|lorberth Forespear|None|None|Human|Bard|Severana|Odizan|26|Mŕtvy|---|Lovec študent - Skupina 750~5|O tejto postave sa toho veľa nevie|O tejto postave aktuálne nie je tak veľa známe.
Nagi-Rabdos-Krotitel-Shiro|Krotiteľ|Nagi Rabdos|None|None|Aasimar|Sorcerer|Juhiera|Axon|19|Živá|---|Lovec študent - Skupina 750~5|O tejto postave sa toho veľa nevie|O tejto postave aktuálne nie je tak veľa známe.
Page-Meadow-Owl|Znalec|Page Meadow|None|None|Halken|Wizard|Jazierchat|Mirlo|23|Živá|---|Lovec študent - Skupina 750~5|O tejto postave sa toho veľa nevie|O tejto postave aktuálne nie je tak veľa známe.
Nikolaj-Ishak|Popravca|Nikolaj Ishak|None|None|Dwarf (Brewer)|Cleric|Skalodom|Zuglar|105|Živý|---|Lovec študent - Skupina 705~5, Križiak|O tejto postave sa toho veľa nevie|O tejto postave aktuálne nie je tak veľa známe.
Keaton-Kundič|Absorber|Keaton Kundič|None|None|Human|Cleric|Jazierchat|Harvien|35|Mŕtvy (724) |---|Lovec študent - Skupina 705~5|O tejto postave sa toho veľa nevie|O tejto postave aktuálne nie je tak veľa známe.
Grimoira-Maloque|Znalec|Grimoira Meadow Maloque|None|None|Halken|Wizard|Juhiera|Mirlo|33|Mŕtva (724) |---|Lovec študent - Skupina 705~5|O tejto postave sa toho veľa nevie|"Vyrastala s mamou, otca nepoznala len vedela, že bol lovec. Keď mama zomrela strávila Grimoira pár rokov v sirotinci. Preto hneď ako mohla išla na akadémiu tam až našla otca a prijala jeho meno. Bola schopný lovec, robila viacero vlastných kúziel ale trochu viac nebezpečnejších útočným, mocných a rada experimentovala so zlepšením tela, tak vzniklo kúzlo Elasticity. <br><br> Podľa správy skonala neďaleko Jazierchatu. Správa je len od Nikolaja a je krátka. ""Rastlina nebolo jedna ale boli ich tucty, boli silné, odolné a jedovaté. Stál som vpredu, ako vždy, po pár ranách som videl tmu, keď som sa zobudil miesto bolo zošľahané, príšera bez essencie a Keaton and Grimoira ležali bez dychu na zemy. Mágia im nepomohla. Plač pretínal oblohu. Nebol som... Ešte sa... Neviem čo sa presne stalo, ako prečo, kto všetko tam mohol byť pomedzi, ako dlho som bol v bezvedomí a prečo som prežil.."" Ešte je tam vyznačené miesto na mape."
Quinn-Mursa|Bohovia|Quinn Mursa|Stále neviem či je to dar alebo prekliate, ale jedno viem s istotou, len sa tak sa ma nezbavíte.|None|Human (Demigod)|Fighter|Dolinoraj|Axon|1282|Živý|Lady, Kráľovná, Vojvodkyňa, Magistra ...|Legenda|O tejto postave sa toho veľa nevie|Polobohovia sa rodia od nepamäti, od chvíle, keď sa na svete objavili prví ľudia. No Quinn bola od začiatku iná než ostatní. Nebola oslnivo silná, neovládala žiadny zrejmý element a príroda sa k nej neskláňala s ochotou, akú poznali iní jej druhu. Jej dar nebol viditeľný na prvý pohľad – bol tichý, skrytý, takmer nepochopiteľný. Mnohí spočiatku pochybovali, či je vôbec polobohyňou. Až čas ukázal pravdu. Prežila svojich rodičov, svojich súrodencou i ich deti, prežila dokonca aj elfov, ktorí sa narodili v rovnakom období ako ona, a napriek tomu kráčala ďalej, nezmenená, neúnavná a však sama. Quinn nikdy nemala vlastné deti, nevedno prečo, a generácie potomkov sa pre ňu stali neznámi ľudia...<br><br>Quinn sa narodila ešte pred príchodom monštier, no keď sa objavili, neváhala a postavila sa im. Stala sa bojovníčkou a postupne aj legendou, počas svojho dlhého života sa stala mnohým, isté obodie dokonca aj kráľovnou. Za posledných pár desať ročí ju však poriadne nikto nevidel. Jej prítomnosť vo svete zoslabla, akoby sa rozplynula medzi príbehmi a spomienkami, no nikto skutočne neverí, že zmizla. Nemohla zomrieť. Každé zranenie prekonala, každú ranu prežila a zakaždým vstala znova aj keď ju prebodli ako upíra, aj keď padla z útesu, dokonca prežila aj pád Dolinoraju. Tak teraz všetci len čakajú, kde a kedy sa zjaví najbližšie, dokonca sa na to dá aj vsadiť.
Gregor-Grats|Ochranca|Gregori Grats|Tie malé radosti sú tie najpodstatnejšie.|None|Human|Paladin|Jazierchat|Saci|30(55)|Mŕtvy (723)|Hed|Lovec Skupina 715|Prvorodený syn Boralda Grats, zahynul vo veku 30 rokov na love s Bolyvarom.|Ako prvorodený syn Boralda Grats bol na Gregoriho už od mala vyvíjaný tlak. Mal byť ten najlepší lovec. Skôr ako vedel chodiť, otec ho už naučil držať kopiju. Keď mal Gregori štyri roky situácia sa ešte zhoršila, jeho otec bol vážne zranený a nemohol loviť. Všetok svoj čas teda venoval tréningu svojho syna. Každý deň bol to isté, vstať, bojovať s otcom, behať, skákať, loziť, jesť a spať. Gregoriho to nikdy nebavilo ale nič iné nepoznal a keďže jeho otec aj zranený bol pre Gregoriho stále silný ako Titan a výbušný ako sopka, Gregori mu nikdy neoponoval. Veci sa zmenili až keď mal Gregori 7 rokov, vtedy sa mu narodil brat Bolyvar. Otec venoval viac pozornosti aj mladšiemu synovi a príprave na jeho tréning. Gregori tým získal voľný čas počas dňa, otec ho síce poslal trénovať ale už ho stále nekontroloval. Gregori to využil a začal objavovať svet, v tomto období spoznal aj skutočnú detskú radosť a rozhodol sa, že ju bude šíriť ďalej. Svoje srdce vložil do rúk Saciho, ten ho na oplátku prijal ako svojho Paladina. Gregori od vtedy so sebou všade nosil dobrú náladu a nenechal si ju pokaziť ani otcovým tréningom. Pomáhal bratom a vždy im počas ťažkých dní plných tréningu priniesol nejaké to rozveselenie. Keď prišiel čas Gregori išiel do akadémie, rástol ako lovec ale nikdy ho to plne nebavilo. Čo ho bavilo bolo pomáhať iným a prinášať im úsmev. Gregori zahynul vo veku 30 rokov na love s Bolyvarom.
Borald-Grats|Popravca|Borald Grats|Utrpenie je cesta k skutočnej sile!|None|Human|Barbarian|Jazierchat|Kybad|58|Mŕtvy (722)|Jäger|Lovec Skupina 685|Borald Grats pochádzal z rodiny obuvníkov, nikdy ho však toto remeslo nebavilo. Už od mala vzhliadal na vysoké múry akadémie ako na nedobytný palác kam sa chcel dostať. Lovci boli pre neho ty najsilnejší a najschopnejší, boli to hrdinovia hrdinov. Chcel byť ako oni ale nemal na to, jeho otec bol proti a matka ich opustila. Borald bol frustrovaný a nespokojný. V meste sa dostával do konfliktov a neraz došiel domov zbití. Nebil sa však len tak na ulici ale zarábal si ako zápasník. Tu objavil ako efektívne sa dajú využiť potlačené emócie v boji. Keď to otec zistil vyhodil ho z domu. Boraldovi to však bolo jedno, nikdy sa za otcom nevrátil, mal čosi nasporené a šťastie skúsil na akadémií. Prijali ho a ako lovec precestoval celý svet, nikdy však nebol najlepší lovec a to ho frustrovalo stále viac riskoval a tlačil svoje hranice, keď to raz prehnal a utrpel vážne zranenie, svoju posadlosť prenášal aj na synov. Bolyvar bol jeho úspech, syn v ktorom videl seba a cez neho si splnil sen. To ho ale nenaplnilo tak aby čakal, snažil sa preto ešte vrátiť ako lovec späť ale zranené telo nestačilo a pri obrane Juhiery získal ďalšie vážne zranenie z ktorého sa už nespamätal a vo veku 58 rokov zomrel.|Borald Grats pochádzal z rodiny obuvníkov, nikdy ho však toto remeslo nebavilo. Už od mala vzhliadal na vysoké múry akadémie ako na nedobytný palác kam sa chcel dostať. Lovci boli pre neho ty najsilnejší a najschopnejší, boli to hrdinovia hrdinov. Chcel byť ako oni ale nemal na to, jeho otec bol proti a matka ich opustila. Borald bol frustrovaný a nespokojný. V meste sa dostával do konfliktov a neraz došiel domov zbití. Nebil sa však len tak na ulici ale zarábal si ako zápasník. Tu objavil ako efektívne sa dajú využiť potlačené emócie v boji. A tu začal následovať legendu Gregora Von Hohenberga. <br><br> Keď to otec zistil vyhodil ho z domu. Boraldovi to však bolo jedno, nikdy sa za otcom nevrátil, mal čosi nasporené a šťastie skúsil na akadémií. Prijali ho a ako lovec precestoval celý svet, nikdy však nebol najlepší lovec a to ho frustrovalo stále viac riskoval a tlačil svoje hranice, keď to raz prehnal a utrpel vážne zranenie, svoju posadlosť prenášal aj na synov. Bolyvar bol jeho úspech, syn v ktorom videl seba a cez neho si splnil sen. To ho ale nenaplnilo tak aby čakal, snažil sa preto ešte vrátiť ako lovec späť ale zranené telo nestačilo a pri obrane Juhiery získal ďalšie vážne zranenie z ktorého sa už nespamätal a vo veku 58 rokov zomrel.
Kuristoon-Maloque|Znalec|Kuristoon Maloque|None|None|empty|empty|empty|empty|328|Živý|Jäger|Lovec Skupina 485|O tejto postave sa toho veľa nevie|empty
Elnarie-Huf'Hof|Popravca|Elnarie Huf'Hof|None|None|empty|empty|empty|empty|289|Živá|Jäger|Lovec Skupina 725|O tejto postave sa toho veľa nevie|empty
Lucius-VonHohenberg|Absorber|Lucius Von Hohenberg|None|None|Human|Fighter|Jazierchat|Errasa|35|Mŕtvy|Jäger|Lovec Skupina 725|Patril pod skupinu Vasila, počas jednej výpravy sa veci úplne vymkli kontrole. Vasil sa snažil zachrániť skupinu lebo Unae už bola vážne ranená. Lenže Vasil ostal sám odokrytý, smeroval na a neho útok druhého monštra, Lucius vbehol na pomoc Vasilovi a dosť toho aj vykryl ale nie všetko a práve tu dostal fatálne zranenie. Otvoril ale možnosť útoku pre ostatných a monštrum zničili. Lucius bol absorber ale zomrel ako ochranca. Ako to suvisí s ludvikom? Nebyť Luciusa skonal by Vasil a nebyť Vasila skonala by Unae a bez Unae by tu nebol Ludvik.|Patril pod skupinu Vasila, počas jednej výpravy sa veci úplne vymkli kontrole. Vasil sa snažil zachrániť skupinu lebo Unae už bola vážne ranená. Lenže Vasil ostal sám odokrytý, smeroval na a neho útok druhého monštra, Lucius vbehol na pomoc Vasilovi a dosť toho aj vykryl ale nie všetko a práve tu dostal fatálne zranenie. Otvoril ale možnosť útoku pre ostatných a monštrum zničili. Lucius bol absorber ale zomrel ako ochranca. Ako to suvisí s ludvikom? Nebyť Luciusa skonal by Vasil a nebyť Vasila skonala by Unae a bez Unae by tu nebol Ludvik.
Orctar-Niu'Lia|Popravca|Orctar Niu'Lia|None|None|Half-Orc (Human)|Ranger|Stromoraj|Errasa|55|Živý|Jäger|Lovec Skupina 725|O tejto postave sa toho veľa nevie|empty
Unae-Luh'egufa|Ochranca|Unae Luh'egufa|None|None|Half-Elf (High)|Fighter|Stromoraj|empty|50|Živá|Jäger|Lovec Skupina 725|O tejto postave sa toho veľa nevie|empty
Ortelia-Ia'nakiel|Znalec|Ortelia Ia'nakiel|None|None|Elf (High)|Wizard|Juhiera|empty|293|Živá|Jäger|Lovec Skupina 725|O tejto postave sa toho veľa nevie|empty
Genta-Rabdos|Popravca|Genta Rabdos – Červená smrť|Každý má právo na väčší biceps!|Red Is Coming|Human|Barbarian|Juhiera|Hellia|41|Živá|Jäger|Lovec Skupina 730|Genta Rabdos je lovkyňa známa veľkou silou, odvahou a tým, že sa pred bojom nikdy nestiahne. Kým iní váhajú, ona už zviera zbraň v rukách a ide dopredu. Nebojí sa bolesti, únavy ani presily, pretože pre ňu je najlepšia odpoveď na nebezpečenstvo ešte silnejší úder. <br><br> Hoci patrí k Popravcom, nenosí ich typické zelené farby. Genta bojuje v červených, krvavých tónoch, ktoré k nej sedia viac než akýkoľvek akademický poriadok. Jej pravidlo je jednoduché — čím ťažšia zbraň, tým lepšia zbraň. To, čo by iní sotva zdvihli, ona používa ako prirodzené predĺženie vlastnej sily. <br><br> Za jej povesťou nestojí len talent, ale aj tvrdý a častý tréning. Genta sa nebojí prehnanej námahy, práve naopak, vyhľadáva ju. Výsledkom je sila, ktorú si všimne každý, kto s ňou stojí v jednej miestnosti. Preto s ňou väčšina ľudí radšej vychádza po dobrom. <br><br> Genta nie je jemná ani diplomatická, no je priama, odvážna a v boji nesmierne spoľahlivá. Keď sa niečo musí rozbiť, zatlačiť späť alebo zastaviť hrubou silou, Genta Rabdos je presne ten človek, ktorého nechcete mať proti sebe.|empty
Targeria-Uroqal|Znalec|Targeria Uroqal – Čepel Arkany|Ak nás majú súdiť bohovia tak niektorý sa už báť nemusíme.|Every Blade Has an Answer|Human|Fighter|Juhiera|Rarex|43|Živá|Jäger|Lovec Skupina 730 |Targeria Uroqal je Znalec, ktorý nebojuje iba silou ruky, ale aj presnosťou mysle. V boji spája učenosť, skúsenosť a meč, ktorý nie je obyčajnou zbraňou. V jeho čepeli sa nachádzajú čiastočky rôznych druhov mágie, a Targeria ich ovláda s takou istotou, že každý úder môže niesť iný význam, inú silu a inú odpoveď na protivníka. <br><br> Nie je len šermiarka ani len učenkyňa. Je lovkyňa, ktorá rozumie príšerám, mágii aj bojisku ako rovnici, ktorú treba vyriešiť skôr, než zabije niekoho nevinného. Práve táto kombinácia krásy, múdrosti a nebezpečnej schopnosti z nej urobila ženu, ktorá zaujala aj samotných bohov. <br><br> Targeria je matkou jedného z polobohov, hoci dcéru mala už dávno pred ním. Materstvo ju však nikdy nespomalilo ani nepoškvrnilo jej povesť. Naopak, stalo sa ďalšou súčasťou jej legendy. Dokázala, že žena nemusí prestať byť lovkyňou, učenkou ani silou vlastného mena len preto, že sa stane matkou. <br><br> Dnes je Targeria Uroqal známa ako silná, schopná, múdra a krásna žena, ktorá si svoje miesto nevypýtala, vybojovala si ho mečom, rozumom a povesťou, ktorú neprehlušili ani ľudia, ani bohovia. |empty
Uhoboz-Muniop|Krotiteľ|Uhoboz Muniop|None|None|empty|empty|empty|empty|56|Živý|Jäger|Lovec Skupina 730 |O tejto postave sa toho veľa nevie|empty
Fúhš|Znalec|Fúhš|None|None|empty|empty|empty|empty|105|Živý|Jäger|Lovec Skupina 735|O tejto postave sa toho veľa nevie|empty
Gema-Vrba|Krotiteľ|Gema Vrba|None|None|empty|empty|empty|empty|36|Živá|Jäger|Lovec Skupina 735|O tejto postave sa toho veľa nevie|empty
Thomas-Vyt|Popravca|Thomas Vyt|None|None|Shifter|Ranger|Lesohaj|Ursox|37|Živý|Jäger|Lovec študent – Skupina 735|O tejto postave sa toho veľa nevie|empty
FrederickSagar|Ochranca|Frederick Sagar|None|None|Drakarim|Monk|Ogramište|Bland|40|Živý|Jäger|Monk, Lovec študent - Skupina 735|O tejto postave sa toho veľa nevie|empty
Vašek-Kováčik|Znalec|Vašek Kováčik|None|Wizard of Heavy Metal|Human|Wizard|Granulia|Eirich|64|Živý|Jäger|Lovec skupiny 705|O tejto postave sa toho veľa nevie|empty
Vasil-Calson|Absorber|Vasil Calson|Dobrý nápad, tvrdá hlava a silná vôla dokáže viac než slepá dôvera v príkaz. |Cyan Legend|Human|Spectral Knight|Severana|Vallor|68|Živý|Jäger|Spectral Knight Cyan, Lovec skupiny 705|Vasil Calson, zvaný Hviezda, je Rytier tyrkysového svetla a jeden z najznámejších lovcov svojej generácie. Tyrkysové svetlo je medzi rytiermi spojené s prúdom prispôsobenia a schopnosťou meniť sa skôr, než sa zmení bojisko. Práve táto vzácnosť z Vasila robí nielen rytiera svetla, ale aj vysoko adaptívneho bojovníka. <br><br> Od detstva túžil byť lovcom. Rytieri svetla boli vznešení, jedineční lebo sú viazaní krvou, no Vasil veril, že lovci sú potrební tam, kde ľudia skutočne krvácajú. Preto sa hádal s otcom aj rádom, až kým im nezostalo nič iné, než ustúpiť. Vasil sa totiž aj bez povolenia vrhal do bojov s príšerami a svojimi skutkami robil rytierom svetla dobré meno. <br><br> Čas ukázal, že to bolo správne rozhodnutie. Ako rytier tyrkysového svetla dokázal Vasil meniť svoje konštrukty rýchlejšie, než iní lovci menili zbrane. Tam, kde iný siahal po kladive, Vasil už udieral kovadlinou. Tam, kde iný prebíjal kušu, on vypustil sériu tyrkysových šípov. A keď sila nestačila, premenil šípy na popruhy, reťaze či putá, ktoré príšeru zastavili skôr, než mohla znova zaútočiť. <br><br> Vasil nebol dokonalý, ale bol neobyčajne prispôsobivý. Ak niečo nevyšlo, zmenil rytmus, zbraň, plán aj úsmev. Nebol silný len v boji, ale aj v slove, a práve preto jeho sláva rástla rýchlejšie než legendy o ňom. Jeho podpísané plagáty majú dodnes vysokú hodnotu a jeden z nich ho zachytáva vo chvíli mimo bojiska, keď sa mu ženy doslova hádžu pod nohy. <br><br> Napriek všetkej sláve však Vasil zatiaľ nezvládol jednu vec, ktorá je pre rytierov svetla najdôležitejšia... zabezpečiť pokračovanie krvnej línie. Bez potomka môže tyrkysové svetlo vyhasnúť, a keďže červený rod už zhasol, rádu by zostali už len štyri rody. Kým však Vasil žije, stále svieti aj nádej, že Hviezda ešte nezhasne. |Vasil Calson, zvaný Hviezda, je Rytier tyrkysového svetla a jeden z najznámejších lovcov svojej generácie. Tyrkysové svetlo je medzi rytiermi spojené s prúdom prispôsobenia a schopnosťou meniť sa skôr, než sa zmení bojisko. Práve táto vzácnosť z Vasila robí nielen rytiera svetla, ale aj vysoko adaptívneho bojovníka. <br><br> Od detstva túžil byť lovcom. Rytieri svetla boli vznešení, jedineční lebo sú viazaní krvou, no Vasil veril, že lovci sú potrební tam, kde ľudia skutočne krvácajú. Preto sa hádal s otcom aj rádom, až kým im nezostalo nič iné, než ustúpiť. Vasil sa totiž aj bez povolenia vrhal do bojov s príšerami a svojimi skutkami robil rytierom svetla dobré meno. <br><br> Čas ukázal, že to bolo správne rozhodnutie. Ako rytier tyrkysového svetla dokázal Vasil meniť svoje konštrukty rýchlejšie, než iní lovci menili zbrane. Tam, kde iný siahal po kladive, Vasil už udieral kovadlinou. Tam, kde iný prebíjal kušu, on vypustil sériu tyrkysových šípov. A keď sila nestačila, premenil šípy na popruhy, reťaze či putá, ktoré príšeru zastavili skôr, než mohla znova zaútočiť. <br><br> Vasil nebol dokonalý, ale bol neobyčajne prispôsobivý. Ak niečo nevyšlo, zmenil rytmus, zbraň, plán aj úsmev. Nebol silný len v boji, ale aj v slove, a práve preto jeho sláva rástla rýchlejšie než legendy o ňom. Jeho podpísané plagáty majú dodnes vysokú hodnotu a jeden z nich ho zachytáva vo chvíli mimo bojiska, keď sa mu ženy doslova hádžu pod nohy. <br><br> Napriek všetkej sláve však Vasil zatiaľ nezvládol jednu vec, ktorá je pre rytierov svetla najdôležitejšia... zabezpečiť pokračovanie krvnej línie. Bez potomka môže tyrkysové svetlo vyhasnúť, a keďže červený rod už zhasol, rádu by zostali už len štyri rody. Kým však Vasil žije, stále svieti aj nádej, že Hviezda ešte nezhasne. 
Richtor-Derueox|Ochranca|Richtor Derueox|None|None|empty|empty|empty|empty|59|Živý|Jäger|Lovec skupiny 715|O tejto postave sa toho veľa nevie|empty
Viliam-Rozsipal|Absorber|Viliam Rozsipal|None|None|Human|Fighter|Jazierchat|Errasa|57|Živý|Jäger|Lovec skupiny 715|Viliam Rozsipal bol výnimočný lovec, ktorý si dobré meno nevyprosil, ale vybojoval. Bol oddaný pravidlám, disciplíne a výsledkom. Meč ovládal rovnako isto ako mágiu a v boji pôsobil ako človek, ktorý presne vie, čo robí — a očakáva, že všetci okolo neho budú stíhať. <br><br> Práve v tom bola jeho sila aj jeho chyba. Ak s ním niekto nedokázal držať krok, Viliam mu nepodal pomocnú ruku. Nechal ho v prachu. Nehľadal priateľov, ale rivalov, ktorí by ho prinútili byť ešte lepší. Slabosť neznášal a pomalosť považoval za osobné zlyhanie. <br><br> Vďaka tvrdosti, talentu a neústupnosti získal rodu Rozsipalovcov dobré meno, vplyv aj pozemky. Lenže za to zaplatil ľuďmi. Priateľov stratil postupne a manželku nakoniec tiež — nie smrťou, ale odchodom. Viliam vyhral veľa bojov, získal majetok aj rešpekt, no doma po ňom zostalo viac ticha než lásky. |empty
Valiana-Kajna|Bohovia, Absorber|Valiana Kajna|Nikto nie je dokonalý ani ty, ani ja, ani lovci a ani bohovia. |The Road of Valiana Kajna|Elf|Cleric|Juhiera|Syrvaad|326|Živá|Jäger|Lovec skupiny 715, High Priestess|Valiana Kajna je kňažka, ktorá bohov neoslavuje iba pre ich vznešenosť, ale pre ich skutočnosť. Neodmieta ich skutky, nevyberá si len pohodlné stránky viery a nesnaží sa božstvo uhladiť do niečoho jednoduchšieho. Už na akadémii pôsobila ako elfka, ktorá chce pochopiť a prijať celok, no ako mnohí elfovia nevydržala zostať lovkyňou celý život. Svoje skutočné volanie našla v chráme. <br><br> Dnes je Veľkňažkou tradície Žiarivej prítomnosti, ktorá sa snaží inšpirovať ostatných samotnou existenciou, správaním a príkladom. Valiana to robí oddane, slovom, chôdzou, vystupovaním aj tým, že lov nikdy celkom neopustila. Na výpravy chodí menej často než kedysi, no keď treba, stále dokáže pomôcť, absorbovať esenciu a pretvoriť ju tak, aby povzbudila a pozdvihla čo najviac bytostí okolo seba. <br><br> Najznámejšia je pre verejné bohoslužby, ktoré vedie s pokojom, krásou a silou niekoho, kto vie, prečo stojí pred davom. Valiana je však viac než len veľkňažka. Je vnučkou upírky, matkou a dôveryhodnou spoločníčkou. Jednoducho ženou, ktorá nesie svetlo nie preto, že v nej nikdy nebol tieň, ale preto, že sa ho rozhodla niesť pre iných a neustúpiť ani pred hriechom minulosti. |empty
Claus-Erldikt|Znalec|Claus Erldikt|None|None|Human|Wizard|Chladohrad|Zurro|81|Živý|Jäger|Lovec študent - Skupina 705|O tejto postave sa toho veľa nevie|empty
Diagor-Dragovič|Absorber|Diagor Dragovič|None|Wrath of the Diagor|Human|Druid|Lesohaj|Kybad|50|Živý|empty|Odpadlík, Lovec študent - Skupina 725|O tejto postave sa toho veľa nevie|empty
Vladislav-Marinovič_2|Ochranca, Žold|Vladislav Marinovič|None|None|Human|Warlock|Tmavohmla|Uaqaeht|42|Živý|Jäger|Lovec študent - Skupina 730|Vladislav Marinovič nastúpil na akadémiu už ako známe meno medzi lovcami upírov. Nie tých vznešených a mocných z Tmavohmly, ale divokých, chorých a nepredvídateľných tvorov, ktoré sú nebezpečné práve tým, že sa neriadia žiadnou dôstojnosťou ani rozumom. Vladislav sa naučil loviť hrozby, ktoré sa nehýbu ako ľudia a neumierajú tak ľahko, ako by mali. <br><br> Hovorí sa, že má zvláštne šťastie. V boji sa často vyhne problémom skôr, než si ich iní všimnú, a nejako vždy stojí na správnom mieste v správny čas. Možno je to skúsenosť z lovov upírov, možno temný dar, alebo niečo hlbšie v krvi Marinovičovcov. Aj jeho predkovia boli schopní lovci upírov a len zriedka sa venovali širšiemu štúdiu príšer. <br><br> Práve preto je Vladislav výnimkou. Nezostal iba pri rodovej tradícii a rozhodol sa vstúpiť na akadémiu ako lovec príšer. Nie preto, že by upíri prestali byť jeho doménou, ale preto, že pochopil, že svet má viac tieňov než jeden rod dokáže sám pomenovať. |empty
Ukulea-Straka|Absorber|Ukulea Straka|None|None|Human|Druid|Pieskostan|Haset|33|Živá|Hed|Lovec študent - Skupina 735~1|O tejto postave sa toho veľa nevie|Description
Eliaš-Rudla|Popravca|Eliaš Rudla|None|None|Human|Blood Hunter|Sostrov|Ursox|34|Živý|Hed|Lovec študent - Skupina 735~1|O tejto postave sa toho veľa nevie|Description
Arthur-Lotekam|Krotiteľ|Arthur Lotekam Kováčik|None|None|Race|Focus|Origin|God|36|Živý|Hed|Lovec študent - Skupina 735~1|O tejto postave sa toho veľa nevie|Description
Andre-Ako|Ochranca|Andre Ako|None|None|Race|Focus|Origin|God|40|Živý|Hed|Lovec študent - Skupina 735~1|O tejto postave sa toho veľa nevie|Description
Lesana-Ial'Nalar|Znalec|Lesana Ial'Nalar|None|None|Elf|Focus|Origin|God|120|Živá|Hed|Lovec študent - Skupina 735~1|O tejto postave sa toho veľa nevie|Description
Darina-Kold|Absorber|Darina Kold|None|Queen of the Commotion|Human|Blood Hunter|Severana|Decon|27|Živá|Hed|Lovec študent - Skupina 740~0|Darina Kold je najmladší žijúci potomok Dextera Kolda a odhodlaná Absorbérka, ktorej meno sa často spája s jediným slovom — chaos. Nie je to človek, ktorý ticho vstúpi do miestnosti. Darinu počuť ešte skôr, než ju vidno, pretože je hlasná, drzá, vulgárna a nehanbí sa za to. <br><br> Je známa prekvapivo vrtkavou povahou. V jednej chvíli dokáže byť stredobodom zábavy, rozosmiať skupinu a rozpáliť atmosféru okolo seba. V ďalšej chvíli môže tou istou energiou rozpútať hádku, bitku alebo úplný rozklad plánu. Niekedy to obráti proti nepriateľom, inokedy, žiaľ, aj proti vlastným. <br><br> Darina je divoká karta v každej situácii. Niektorí ju za to milujú, pretože práve jej nepredvídateľnosť vie zmeniť prehratý boj na víťazstvo. Iní sa jej boja, pretože pri nej nikdy nie je isté, či práve zachraňuje situáciu, alebo ju podpálila od základov. <br><br> Ako potomok Koldovcov v sebe nesie silu, ambíciu a tvrdohlavosť svojho rodu, no používa ich po svojom. Darina nie je elegantná ani poslušná lovkyňa. Je výbuch emócií, talentu a surovej energie, ktorý sa nedá ignorovať — a už vôbec nie zastaviť len tým, že jej niekto povie, aby sa upokojila. |Najmladší žijúci potomok Dextera Kolda. Darina je odhodlaný absorver a známa svojou prekvapivo vrtkavou povahou.
Darius-Kulukala|Popravca|Darius Kulukala – Halfforged|None|Half-Forged Prayer|Human|Monk|Sostrov|Zekkil|32|Živý|Hed|Lovec študent - Skupina 740~0|Lovec, ktorý prežil niečo, čo malo byť istou smrťou. Počas jedného z lovov utrpel strašné zranenia, keď mu žieravina takmer úplne rozpustila trup a hornú časť tela. Na mieste nebol žiaden liečiteľ, ktorý by ho dokázal zachrániť, a každá ďalšia chvíľa ho približovala ku koncu. <br><br> Vtedy zasiahol Marcel. Ohýbal hranice mechaniky, organiky a mágie, aby Dariusa udržal nažive. Nešlo o čisté vyliečenie, ale o zapečatenie smrti skôr, než si ho stihla vziať. Darius prežil, no jeho telo už nikdy nebolo rovnaké. <br><br> Jeho zranenia zostali uzavreté tak hlboko a nebezpečne, že pokus o ich znovuotvorenie a skutočné vyliečenie by ho s najväčšou pravdepodobnosťou zabil. Preto žije v mechanickej schránke, ktorá tvorí jeho ruky, hruď a veľkú časť hornej polovice tela. <br><br> Táto schránka mu dáva silu a schopnosti, aké bežný človek nemá. V boji je pevnejší, odolnejší a neľudsky neúprosný. Cena za to je však tichá a krutá. Jeho dotyk je chladný, jeho hmat takmer neexistuje a mnohé veci, ktoré iní cítia prirodzene, sú preňho už len spomienkou. <br><br> Darius nie je stroj, hoci jeho telo tak môže pôsobiť. Je to človek, ktorého smrť nedostala, ale vzala si od neho kus života aj tak. |Darius pri jednom z lovou utrpel extrémne zranenia. Jeho trup a horná časť tela bola takmer celá rozpustená v žieravine. Na mieste nebol žiaden schopný liečiteľ a tak Marcel ohýbal zákony mechaniky a organiky aby Dariusa zachránil pred istou smrťou. To zachránilo Dariusovi život ale zranenia ostali tak zapečatené, že pokus o otvorenie a vyliečenie by ho s najväčšou pravdepodobnosťou stál život. Preto je Darius zvaný Halfforged. Jeho ruky a horná časť tela sú tvorené mechanickou schránkou, ktorá mu dáva schopnosti neporovnateľné s bežnými ľuďmi, ale jeho dotyk je chladný a hmat neexistujúci.
Ľubomíra-Vrba|Krotiteľ|Ľubomíra Vrba|None|Secrets in the Raincoat|Human|Sorcerer|Juhiera||30|Živá|Hed|Lovec študent - Skupina 740~0|Charizmatická, spoločenská a zvláštne zdráhavá žena, ktorá pôsobí otvorene, no o sebe prezrádza menej, než by sa zdalo. Ľudia jej často hovoria veci, ktoré by iným nepovedali, pretože vie počúvať, reagovať s pochopením a vytvoriť pocit, že pri nej je človek vypočutý. <br><br> Problém je, že tajomstvá si pri nej nežijú dlho. Ľubomíra ich nezvyčajne nevynáša zo zloby, skôr preto, že slová z nej niekedy odídu skôr, než ich stihne zastaviť. Je dôveryhodná ako poslucháčka, ale nebezpečná ako úschovňa tajomstiev. <br><br> Sama však veľa nehovorí o tom, kým skutočne je. Radšej necháva za seba hovoriť skutky, dojmy a magické efekty. Vie sa prezentovať pôsobivo, farebne a s istou dávkou teatrálnosti, akoby každé jej gesto mohlo byť malým kúzlom. <br><br> Práve tým rada irituje svoju sestru, ktorá mágii neverí a omnoho viac dôveruje sile tela, disciplíne a fyzickým schopnostiam. Ľubomíra sa tým nenechá odradiť. Naopak, čím viac jej sestra odmieta magické okázalosti, tým väčšiu chuť má Ľubomíra dokázať, že správne načasované kúzlo vie byť rovnako výrečné ako úder. |Charizmatická ale zdráhavá. Dá sa jej všetko povedať a ona si osobu rada vypočuje ale tajnosti prevažne neudrží. 
Marcel-Granulia|Ochranca|Marcel Granulia Strieborný|None|Marcels Wires and Whispers|Human|Artificier|Pieskostan|Chirnird|28|Živý|Hed|Lovec študent - Skupina 740~0|Nezačal svoju cestu lovca ako hrdina, ale ako trestanec. Bol schopný samozvanec, ktorý dostal na výber medzi väzením, nútenou prácou a službou lovca. Rozhodovanie netrvalo dlho. Lovec mal väčšiu voľnosť, prístup k náradiu a dosť príležitostí, aby Marcel dokázal, čo v ňom skutočne je. <br><br> Pôvodne sa venoval rôznym zlepšovákom, úpravám výstroja a technickým riešeniam, ktoré iným ani nenapadli. Po Dariusových strašných zraneniach sa však jeho práca zmenila. Práve Marcel ohýbal hranice mechaniky a organiky, aby Dariusa zachránil, a odvtedy sa zameriava najmä na bio-mechanické náhrady a spôsoby, ako udržať pri živote tých, ktorých obyčajná medicína už odpísala. <br><br> Mnohí dnes pri pohľade na Marcela zabúdajú, kým bol predtým. Zabúdajú na vodcu rebelov z Granulie, ktorý kráčal po stopách Romula, najznámejšieho samozvanca svojho kraja. Kedysi z neho išiel strach, pretože bol nebezpečný, vzdorovitý a ťažko ovládateľný. <br><br> Dnes z neho ide rešpekt z iného dôvodu. Nie preto, že by ľudí desil, ale preto, že preukázal schopnosti, ktoré sa nedajú ignorovať. Marcel Granulia je dôkazom, že aj človek, ktorý začal ako problém, sa môže stať tým, kto zachráni životy, keď už všetci ostatní nevedia ako.|Svoju cestu začal za trest, schopný zamozvanec, ktorý si mohol vybrať vezenie a práce alebo cestu lovca. Rozhodnutie to nebolo ťažké keďže lovec má prístup aj k náradiu a väčšiu voľnosť. Marcel sa zameriaval na rôzne zlepšováky ale po Dariusovych zraneniach sa dnes hlavne zameriava na zlepšovanie bio-mechanických náhrad.  
Leonard-Arjek|Znalec|Leonard Arjek|None|The Measure of the Flame|Human|Wizard|Juhiera|Zylhana|27|Živý|Hed|Lovec študent - Skupina 740~0|Leonard Arjek bol Znalcom ešte skôr, než vôbec vstúpil na akadémiu. Už ako dieťa dokázal z príbehov, povestí a opisov lovov určovať silné a slabé stránky príšer. Kým iní počúvali rozprávanie ako dobrodružstvo, Leonard v ňom hľadal vzorce, chyby, správanie a možnosti prežitia. <br><br> Na akadémii sa z tejto prirodzenej schopnosti stal presný nástroj. Leonard nebojuje hrubou silou ani slepou odvahou, ale prípravou, znalosťami a mágiou ukrytou v knihe. Každý zápis, poznámka a kúzlo má uňho svoje miesto, pretože v boji môže správna informácia rozhodnúť skôr než najostrejšia čepeľ. <br><br> Jeho prístup je tichý, dôsledný a nebezpečne presný. Nepotrebuje byť najhlasnejší v miestnosti, aby si ho všimli. Stačí, aby raz správne pomenoval slabinu nepriateľa, a každý pochopí, prečo je Leonard Arjek vysoko kvalifikovaný lovec. <br><br> Leonard je typ Znalca, ktorý dokáže z obyčajného príbehu vyčítať varovanie a z varovania vytvoriť plán. Tam, kde iní vidia monštrum, on už hľadá spôsob, ako ho poraziť. |Znalec od malička, ešte nebol na akadémý a už s príbehov určoval silné a slabé body. S mágiou v knihe a precíznym prístupom je to vysoko kvalifikovaný lovec.
Caelthir-Vaelorian|Absorber|Caelthir Vaelorian|None|None|Elf (High)|Sorcerer|Stromoraj|God|132|Živý|Hed|Lovec študent - Skupina 740~1|Unikátny Absorbér, známy tým, že medzi svojimi spolužiakmi pôsobí takmer nepatrične pokojne. Kým mnohí z jeho fakulty pracujú s esenciou prudko, nárazovo a často aj riskantne, Caelthir zostáva sústredený, sebavedomý a tichý. Nevyvoláva rozruch a do boja sa nevrhá bezhlavo. Keď zaútočí, robí to pripravene. <br><br> Práve preto si niektorí myslia, že si vybral nesprávnu fakultu a mal sa stať Znalcom. Caelthir to však odmieta. Vie, že patrí medzi Absorbérov, len s esenciou narába inak než väčšina. Nehltá ju naraz, nenecháva sa ňou zaplaviť a nevypúšťa ju ako výbuch. Delí ju, dávkuje a používa postupne, akoby každý kúsok sily musel najprv prejsť cez jeho vôľu. <br><br> Jeho najväčšou schopnosťou nie je iba moc, ktorú dokáže prijať, ale sebazaprenie, s akým ju dokáže udržať. Caelthir sa neponáhľa do boja ani do nepremyslených situácií, pretože verí, že skutočná kontrola sa neukazuje v tom, koľko sily človek unesie, ale v tom, koľko jej dokáže nepoužiť. <br><br> Medzi Absorbérmi je preto zvláštnou výnimkou, pokojný lovec uprostred fakulty plnej prudkých reakcií. A práve vďaka tomu je nebezpečný.|Description
Morga-Dakrad|Popravca|Morga Dakrad|None|None|Orc|Barbarian|Granulia|Tiny|24|Živá|Hed|Lovec študent - Skupina 740~1|Na pomery barbarov, a obzvlášť orkov, prekvapivo spôsobivá a dôstojná dáma. Vie pôsobiť pevne, hrdo a pokojne, akoby každé jej slovo malo váhu železa. Tento pokoj však vydrží len dovtedy, kým nezačne boj. <br><br> V boji je Morga divoká ako rieka počas jarnej búrky, keď sa lámu ľady a voda berie všetko, čo jej stojí v ceste. Neútočí jemne ani opatrne. Keď sa pohne, je to náraz sily, hnevu a neúprosnej vytrvalosti. A keď jej mágia dovolí narásť do veľkosti obrov, stáva sa z nej živá pohroma pre každého veľkého nepriateľa. <br><br> Proti obrom, beštiám a mohutným monštrám sa cíti prirodzene. Čím väčší protivník, tým jasnejší cieľ. Skutočný problém pre ňu nie sú veľké hrozby, ale veľa malých naraz — rýchle, roztrúsené a otravné ciele, ktoré sa nedajú jednoducho zraziť jedným ničivým úderom. <br><br> Našťastie Morga nie je sama. Má tím, na ktorý sa môže spoľahnúť, a práve to z nej robí ešte nebezpečnejšiu lovkyňu. Ona zastaví to najväčšie, podrží líniu a rozbije chrbticu boja, zatiaľ čo ostatní zvládnu chaos okolo nej. Morga Dakrad je dáma mimo boja, búrka v boji a sila, ktorú je lepšie mať na svojej strane.|Na pomery Barbarov a obzvlášť orcských je to veľmi spôsobivá dáma ale v boji je divoká ako rieka, za búrky, na jar, keď sa topia ľady..
Lavri-Oblag|Krotiteľ|Lavri Oblag   Modelka|None|Lavri - Beauty and Brain|Human|Wizard|Juhiera|Zael|29|Živá|Hed|Lovec študent - Skupina 740~1|Žena, ktorú pozná každý, kto prešiel mestom. Jej tvár sa objavuje na reklamách, plagátoch a bilboardoch tak často, že človek by musel byť slepý, aby ju nikdy nevidel. Krásna, výrazná a dokonale zapamätateľná, Lavri pôsobí ako niekto, kto sa narodil pre obdiv davu. <br><br> Lenže pri Lavri je prvý dojem iba začiatok klamstva. Za jej vzhľadom, vystupovaním a verejným obrazom sa skrýva omnoho viac, než odhalí prvý, druhý či tretí pohľad. Nie je len ozdobou reklám ani peknou tvárou medzi kúzelníkmi. Je inteligentná, nebezpečná a presne vie, ako ľudia reagujú na krásu. <br><br> Tí, ktorí sa dostali na jej zlú stranu, veľmi rýchlo pochopili, že Lavriina krása nie je iba výsada. Je to nástroj, štít aj zbraň. Dokáže ňou otvárať dvere, lámať pozornosť, odvádzať pohľady a dostať sa bližšie, než by jej nepriatelia dovolili, keby ju brali vážne od začiatku. <br><br> Jej kniha plná kúziel je nebezpečná, no Lavri sama možno ešte viac. Pretože kým kúzlo človek niekedy spozná až podľa svetla v ruke, Lavri už dávno pôsobí skôr, než vôbec začne čarovať.|Ak niekto nepozná Lavri tak musí byť slepý. Jej zobrazenia sú v každom meste a fakt, že je ťažké ich prehliadnuť. Netreba sa však nechať oklamať jej vzhľadom a vystupovaním, skrýva sa v nej viac než prvý, druhý či tretí pohľad odhalí, to vedia najmä tý, ktorý sa dostali na jej zlú stranu.
Majky-Neon|Ochranca|Majky Neon|None|Metal Goliath|Gnome|Artificier|Granulia|Hozrir|53|Živý|Hed|Lovec študent - Skupina 740~1|Len s kovovým plátom na hrudi, jednou rukavicou a hlavou plnou nápadov. takto začal Majky svoju cestu lovca. Skrutku za skrutkou, plát po pláte však svoju výstroj zdokonaľoval, až z nej vytvoril zbroj, ktorú dnes poznajú ako Mechanický Goliat. <br><br> Postupom času sa jeho zbroj stala slávnejšou než on sám. Niektorí ľudia si dokonca neuvedomujú, že nejde o samostatnú bytosť, ale o nástroj, ktorý Majky navrhol, postavil a ovláda. To je však presne jeho najväčší úspech — vytvoril niečo také pôsobivé, že legenda prerástla samotného tvorcu. <br><br> Lenže ako každý nástroj, aj Mechanický Goliat je silný iba tak, ako ten, kto ho používa. A Majky Neon ho používa naplno. Každý pohyb, každý úder a každý mechanický zlepšovák je výsledkom jeho dôvtipu, odvahy a tvrdohlavej práce. <br><br> Majky je dôkazom, že veľkosť sa nemeria výškou. Keď vstúpi do boja vo svojej zbroji, nikto sa už nesmeje tomu, že gnómovia sú malí. |Začal v malom, len plát na hrudi a rukavica ale postupne svoju zbroj zdokonaloval, skrutka za skrutkou, plát po pláte a stál sa z neho „Mechanický Goliat“. Dnes je jeho zbroj známejšia než Majky, niektorý si ani neuvedomujú, že je zbroj je nástroj a nie bytosť. Ale ako každý nástroj je aj zbroj efektívne len tak ako ten čo ju využíva a Majky je využíva vždy naplno.  
Theresa-Thlavinova|Znalec|Theresa Thlavinova|None|None|Half-Elf|Sorcerer|Lesohaj|Mirlo|33|Živá|Hed|Lovec študent - Skupina 740~1|Theresa Thlavinova je odpoveďou na otázku, čo vznikne spojením krvi človeka, elfa a celestiala. Z každej línie si nesie niečo vlastné — krásu elfa, ľudské zapretie a mágiu nebies. Pôsobí jemne a vznešene, no pod tým je trpezlivá, dôsledná a mimoriadne schopná Znalec. <br><br> Prvé, čo sa Theresa naučila, nebol boj ani kúzla, ale jazyky. Ako jedna z mála nepotrebuje prekladač, magický výklad ani cudziu pomoc, aby pochopila texty a reč iných národov. Dokonca aj zabudnuté jazyky dokáže vyrozumieť lepšie než väčšina učencov, pretože nehľadá len slová, ale aj vzorce, pôvod a zmysel. <br><br><br><br> Práve preto sa niektorí pýtajú, či je taká dobrá Znalec preto, že o monštrách študuje, alebo preto, že rozumie ich reči. Theresa na to zvyčajne odpovedá pokojne.... samozrejme, že študuje. Monštrá predsa reč nemajú. Teda väčšina nie. <br><br> V boji aj výskume je nebezpečná tým, že vie pochopiť veci skôr, než ich iní vôbec pomenujú. Starý nápis, zvláštny zvuk, fragment zakázaného textu alebo stopa po rituáli sú pre ňu rozhovorom, ktorý ešte neskončil. Theresa Thlavinova je Znalec, ktorá dokáže čítať svet tam, kde iní vidia iba ticho. |Description
Velimira-Modrislava-Malinova_2026_2|Znalec|Velimira Modrislava Malinova   Modra|Ako to, že mágia je tým viac vzrušujúca čím bližšie pri sebe stojíme?|Azure Temptation|Human|Wizard|Jazierchat|None|26|Živá|Hed|Lovec študent - Skupina 740~2|Velimira Modrislava Malinova je Znalec, ktorá nikdy nehľadá len správne riešenie. Správne riešenie je pre ňu iba základ. Skutočne zaujímavé riešenie musí mať tvar, výzor, efekt a najlepšie aj dramatický nástup. Tam, kde by iný učenec našiel najkratšiu cestu k výsledku, Velimira hľadá cestu, ktorá bude nezabudnuteľná. <br><br> Bežné odpovede na problém ju nudia. Štýlové odpovede ju zaujímajú. Kúzlo nemá iba fungovať, má vyzerať dobre. Plán nemá byť iba účinný, má mať eleganciu. Aj obyčajný krok, pohľad či poznámka môže niesť podpis človeka, ktorý vie presne, ako chce pôsobiť. <br><br> Nie vždy je to potrebné. Niekedy je to zbytočné, niekedy prehnané a občas by jednoduchšie riešenie bolo praktickejšie. Lenže Velimira nie je človek, ktorý sa uspokojí s tým, že niečo iba vyšlo. Chce, aby si ľudia zapamätali, ako to vyšlo. <br><br> Jej krása, ostrý jazyk, inteligencia a mágia spolu vytvárajú ideálnu kombináciu na produkovanie nezabudnuteľných výsledkov. Velimira nevyužíva kúzla len tak, ako boli napísané v učebniciach. Rada ich ohýba, prekladá do iného zmyslu a používa spôsobom, na ktorý pôvodne možno vôbec neboli určené. Práve táto záľuba v netradičnom použití mágie jej už neraz pomohla vyriešiť problém nečakaným spôsobom, a niekedy dokonca aj priviedla k vytvoreniu úplne nového kúzla. <br><br> Ona jednoducho rieši problémy tak ako krajčírka šije šaty, na mieru, odvážne a tak, aby výsledok nebol len funkčný, ale aj nádherný. |Velimira Modislava Malinova je čarodejka, krajčírka, učená lovkyňa a žena, ktorá sa naučila premeniť hanbu na štýl. Vyrastala medzi sirotincami a náhradnými domovmi, odkiaľ ju často vracali pre nestabilné magické výboje, ktoré ako dieťa nevedela ovládať. Už skoro sa naučila cítiť ako niečo dočasné, nebezpečné a nechcené.  Na akadémiu prišla ako mladé dievča s pocitom, že medzi skutočných lovcov nepatrí. Ostatní pôsobili odvážnejšie, silnejšie a istejšie, zatiaľ čo ona mala iba rozum, mágiu a tvrdohlavú snahu nezmiznúť. Časom si vybudovala meno schopnej huntress, no strach, že len hrá rolu niekoho dôležitého, v nej nikdy úplne neutíchol.  Jej ikonický modrý prameň vlasov je znakom všetkého, čo sa kedysi snažila skryť. Pokúšala sa ho prekryť farbou aj vlastným štýlom, no nakoniec sa stal jej podpisom. Nie chybou, ale dôkazom, že niektoré časti človeka nemožno potlačiť ani mágiou, ani hanbou.  Velimira berie mágiu ako remeslo. Kúzla sú pre ňu stehy, vzorce ako strihy látky a bojisko ako drahé plátno, do ktorého treba rezať presne. Vie byť jemná, vtipná, elegantná a starostlivá, no keď je ohrozená, stáva sa desivo sústredenou. Krutosťou pohŕda, ale ak verí, že tým zabráni väčšiemu zlu, dokáže použiť aj morálne sivé metódy.  Ľudí si nepúšťa k srdcu ľahko. Rada očarí miestnosť, rozosmeje spoločnosť a nechá ostatných obdivovať jej krásu, rozum aj štýl, no za tým všetkým je niekto, kto sa stále bojí, že po skončení predstavenia nebude dosť. Túži byť zvolená slobodne, nie z ľútosti, povinnosti alebo posadnutosti.  Pre svojich študentov nie je len učiteľkou. Sú pre ňu zodpovednosťou aj pripomienkou dievčaťa, ktorým kedysi bola. Vie byť prísna, pretože svet za múrmi akadémie nie je jemný, ale nikdy ich nevníma ako nástroje. Chce, aby prežili, zosilneli a nestali sa otrokmi vlastného strachu.  Velimira nechce byť iba slávna, užitočná alebo obdivovaná. Chce byť nepopierateľná. Chce meno, ktoré sa nedá vymazať, a zároveň niečo omnoho jednoduchšie — miesto, človeka alebo rodinu, pri ktorých by konečne cítila, že bola dosť už od začiatku. 
Anaria-Argentum|Krotiteľ|Anaria Argentum   Búrka|Nekomplikujme si to keď nemusíme.|The Calm Before Her Name|Genasi|Sorcerer|Sostrov|Rarex|33|Živá|Hed|Lovec študent - Skupina 740~2|Anaria Argentum, zvaná Búrka, pôsobí mimo boja vrúcne, pokojne a takmer odzbrojujúco. Je typ človeka, pri ktorom sa hlas stíši prirodzene, nie zo strachu, ale z rešpektu k jej tichej prítomnosti. Vie počúvať, usmiať sa a vniesť do miestnosti pokoj, aký by od nej nepriateľ nikdy nečakal. <br><br> V boji sa však táto zdržanlivosť mení na desivú magickú intenzitu. Anaria je Genasi a v žilách jej prúdi blesk, preto práve s ním pracuje najprirodzenejšie. Keď začne čarovať, jej pokoj sa nezlomí, iba sa premení na sústredenú búrku. <br><br> Nie je hlučná preto, aby zastrašila. Hluk je len vedľajší efekt toho ako ostáva sústredená, zatiaľ čo sa okolo nej trhá vzduch a oblohu pretína svetlo. Anaria Argentum je dôkazom, že aj najjemnejší človek môže v boji niesť meno Búrka právom. |Description
Hekdor-Kovadlina-Kovalsky|Ochranca|Hekdor Kovalsky   Kovadlina|Netráp sa tým, stále to môžeš skúsiť znova.|Hekdor, Between Sky and Stone|Human (Demigod)|Paladin|Jazierchat|Dridras|32|Živý|Hed|Lovec študent - Skupina 740~2|Hekdor Kovadlina Kovalsky je poloboh, paladin a syn Kybáda, boha zeme a magmy. Rovnako ako legendárni hrdinovia starých čias, aj on je neustále skúšaný bohmi. Každá výzva má preveriť, či je hodný svojej krvi, svojho mena a sily, ktorú v sebe nesie. Hekdor sa však nesnaží byť dokonalý. Snaží sa nezlyhať vtedy, keď na ňom záleží najviac.<br><br>Hoci je jeho otcom Kybád, Hekdorova viera patrí najmä Dridrasovi, bohu kovobrábania a patrónovi kováčov. Jeho matka bola smrteľná kováčka, ktorá Dridrasa celý život uznávala, a práve cez ňu Hekdor pochopil, že sila nemá byť len lávou a úderom, ale aj remeslom, trpezlivosťou a poctivou prácou. Preto jeho paladinská viera nestojí len na božskej krvi, ale na kovárskej cti.<br><br>Prezývku Kovadlina získal preto, že v jeho rukách sa dá skutočne kovať. Dlane dokáže rozpáliť ako magmu jeho otca Kybáda a svaly má pevné ako hlavu kladiva. Nie je len bojovník, ktorý drží zbraň. Je sám nástrojom kovárne — kovadlina. Oheň aj úder v jednom tele.<br><br>Hekdor má aj nevlastného brata, Kratola Uroqula, ďalšieho známeho syna Kybáda. Cez Kratola je s jeho životom spätá aj Xenia Uroqal, Kratolova sestra z matkinej strany, ktorá je s Hekdorovom tíme. Spolu s ňou patria medzi jeho najdôležitejších ľudí Erik, Velimira a Anaria. Nie sú preňho iba spolubojovníci z jednej skupiny. Sú to tí, ktorí mu pomohli prežiť prvé skúšky poloboha, zosilnieť a stať sa mužom, hrdinom akým dnes je.<br><br>Preto keď niekto z nich potrebuje pomoc, Hekdor pri ňom stojí bez váhania. Je tvrdý ako kovadlina, ale srdcom zostáva človek. Jeho sila nie je len v božskom pôvode, ale v tom, že ju používa pre ľudí.|Hekdor Kovadlina Kovalsky je poloboh, paladin a syn Kybáda, boha zeme a magmy. Rovnako ako legendárni hrdinovia starých čias, aj on je neustále skúšaný bohmi. Každá výzva má preveriť, či je hodný svojej krvi, svojho mena a sily, ktorú v sebe nesie. Hekdor sa však nesnaží byť dokonalý. Snaží sa nezlyhať vtedy, keď na ňom záleží najviac.<br><br>Hoci je jeho otcom Kybád, Hekdorova viera patrí najmä Dridrasovi, bohu kovobrábania a patrónovi kováčov. Jeho matka bola smrteľná kováčka, ktorá Dridrasa celý život uznávala, a práve cez ňu Hekdor pochopil, že sila nemá byť len lávou a úderom, ale aj remeslom, trpezlivosťou a poctivou prácou. Preto jeho paladinská viera nestojí len na božskej krvi, ale na kovárskej cti.<br><br>Prezývku Kovadlina získal preto, že v jeho rukách sa dá skutočne kovať. Dlane dokáže rozpáliť ako magmu jeho otca Kybáda a svaly má pevné ako hlavu kladiva. Nie je len bojovník, ktorý drží zbraň. Je sám nástrojom kovárne — kovadlina. Oheň aj úder v jednom tele.<br><br>Hekdor má aj nevlastného brata, Kratola Uroqula, ďalšieho známeho syna Kybáda. Cez Kratola je s jeho životom spätá aj Xenia Uroqal, Kratolova sestra z matkinej strany, ktorá je s Hekdorovom tíme. Spolu s ňou patria medzi jeho najdôležitejších ľudí Erik, Velimira a Anaria. Nie sú preňho iba spolubojovníci z jednej skupiny. Sú to tí, ktorí mu pomohli prežiť prvé skúšky poloboha, zosilnieť a stať sa mužom, hrdinom akým dnes je.<br><br>Preto keď niekto z nich potrebuje pomoc, Hekdor pri ňom stojí bez váhania. Je tvrdý ako kovadlina, ale srdcom zostáva človek. Jeho sila nie je len v božskom pôvode, ale v tom, že ju používa pre ľudí.
Xenia-Uroqal|Absorber|Xenia Uroqal   Strela|Lepšie ‚nejak‘ a rýchlo, ako výborne ale neskoro.|Leave It To Xenia |Human|Fighter|Pieskostan|None|29|Živá|Hed|Lovec študent - Skupina 740~2|Xenia Uroqal je hlučná, nebojácna a prudká lovkyňa, ktorá koná skôr, než ostatní stihnú premýšľať. Prichádza rýchlo, nahlas a bez ospravedlnenia, čo ju robí ľahko zapamätateľnou. <br><br> Je impulzívna a súťaživá, no nie bezhlavo neopatrná. Nebezpečenstvo pozná, len mu ide oproti. Práve tým často zaskočí protivníkov, ktorí očakávajú váhanie alebo plán. V boji je rýchla, dravá a nepredvídateľná. Nečaká na ideálny moment ona ich vytvára pre iných. Nie vždy elegantne, ale zvyčajne účinne. <br><br> Vyrástla v tieni polobohov: jej brat Kratol aj člen týmu Hekdor sú synovia boha Kybáda. Xenia sa však nedala zatlačiť do úzadia a snaží sa nimi držať krok. <br><br> Nie je najpokojnejšia ani najrozumnejšia, ale je iskra, ktorá rozhýbe veci. Keď príde Xenia, problémy prídu s ňou, a často jeden nový problém vyrieši dva staré.|Hlučná, nebojácna a prudká lovkyňa, ktorá sa radšej pohne skôr, než by váhanie dostalo šancu zakoreniť sa. Verí, že je lepšie skončiť prvá aj s drsnejším výsledkom, než prísť posledná s dokonalým prevedením. Tento prístup formuje všetko, čo robí, jej boj, humor, rozhodnutia aj schopnosť zatiahnuť tím do problémov skôr, než si ostatní stihnú všimnúť, že nejaké problémy prichádzajú. <br><br> Je impulzívna, súťaživá a otvorene chaotická, no nie hlúpo neopatrná. Xenia nebezpečenstvu rozumie. Len ho radšej stretne v plnej rýchlosti. V boji je rýchla, dravá a neúprosná, využíva každé otvorenie a verí vlastným inštinktom viac než by sa dalo čakať. Mimo boja je hluk, výzva a pohyb.. pije, žartuje, provokuje, súťaží a aj tiché chvíle dokáže zmeniť na udalosť. <br><br> Možno je taká aj preto, že vyrástla v tieni polobožskej krvi. Jej mladší brat Kratol je poloboh a v tíme stojí po boku Hekdora, ďalšieho syna boha. Xenia je teda žena, ktorá sa celý život snaží držať tempo s dvoma polobohmi — a napriek všetkému sa jej to darí prekvapivo dobre. <br><br> Nie je plánovačkou, učenkyňou ani jemným srdcom skupiny. Je iskra. Prvý výpad. Čepeľ, ktorá sa už hýbe. Tá, ktorá privedie problémy skoro, hlasno a s úsmevom — a keď sa boj zmení na chaos, často stojí presne tam, kde ju tím najviac potrebuje.
Erik-Kolt|Popravca|Erik Kolt   Vojak|Všetko je o príprave.|The Green Coat of Erik Kolt|Human|Fighter|Jazierchat|Revion|35|Živý|Hed|Lovec študent - Skupina 740~2|Nie tak lovec ako vojak zo starej zbrojárskej línie Koltovcov, rodu spojeného s prvými veľkými pokrokmi v strelných zbraniach. Pre Erika nie je zbraň len nástroj. Je to dedičstvo, zodpovednosť a dôkaz disciplíny. Každý jeho výstrel má byť presný, čistý a premyslený. <br><br> Na rozdiel od svojho staršieho brata Damiana nebojuje inštinktom, ale výpočtom. Damian vystrelí, keď cíti správny okamih. Erik čaká, kým si ho vytvorí. Nikdy neplytvá nábojmi, nespolieha sa na šťastie a každú chybu si pamätá dlhšie, než by mal. <br><br> Hoci je schopný, disciplinovaný a čisto technicky aj lepší strelec ale stále je viac známy ako Damianov brat, než ako Erik. To, že brat sa stal nedávno vedúcim fakulty popravcov Erikovi vôbec nepomohlo vymaniť sa z bratovho tieňa. <br><br> Jeho typickou zbraňou je Kolt Eisenwolf, presná a dôkladne upravená pištoľ s väčším dostrelom a vnútorným zásobníkom. Nie je to hlučná ničivá zbraň ako Damianov Thunderstrike. Eisenwolf je nástroj pre strelca, ktorý sa nebeží nervózne po bojisku, ale pomaly kráča, nedýcha v panike ale pravidelne do rytmu a nestriaľa do vetra ale presne na cieľ. <br><br> Erik pôsobí chladne, prísne a bez humoru ale vždy dosiahne výsledok. |Erik Kolt pochádza zo starej zbrojárskej línie Koltovcov, rodiny, ktorej meno je spojené s prvými veľkými pokrokmi v strelných zbraniach. Pre Erika nie je zbraň len nástroj. Je to dedičstvo, zodpovednosť a dôkaz disciplíny. Každý jeho výstrel má byť presný, čistý a premyslený.  Na rozdiel od svojho staršieho brata Damiana nebojuje inštinktom, ale výpočtom. Damian vystrelí, keď cíti správny okamih. Erik čaká, kým si ho vytvorí. Nikdy neplytvá nábojmi, nikdy sa nespolieha na šťastie a každú chybu si pamätá dlhšie, než by mal.  Hoci je schopný, disciplinovaný a často technicky lepší strelec, stále žije v Damianovom tieni. To, že jeho brat pôsobí ako prirodzený hrdina, Erika ženie dopredu, ale zároveň ho pomaly zatvrdzuje. Namiesto toho, aby po zlyhaní ustúpil, pracuje ešte tvrdšie, čistí svoje zbrane, prepočítava taktiky a hľadá dokonalosť tam, kde iní už dávno prestali.  Jeho typickou zbraňou je Kolt Eisenwolf, presná a dôkladne upravená pištoľ s väčším dostrelom a vnútorným zásobníkom. Nie je to zbraň na hlučné ničenie ako Damianov Thunderstrike. Eisenwolf je nástroj pre strelca, ktorý sa nehýbe, nedýcha a čaká na jediný dokonalý výstrel.  Erik pôsobí chladne, prísne a bez humoru, no nie je bezcitný. Na svoj tím je tvrdý, pretože sa bojí, že jediná chyba ich môže stáť život. Paradoxne práve ich chaos mu niekedy ukazuje, že víťazstvo nemusí byť vždy dokonale vypočítané. Erik však stále túži dokázať jedno — že aj on môže byť prvý v niečom, na čom skutočne záleží. 
Mishel-Regebe|Absorber|Mishel Regebe|None|None|Human|Warlock|Pieskostan|Harvien|30|Živá|Hed|Lovec študent - Skupina 740~3|Znepokojivo tichá lovkyňa, o ktorej sa hovorí, že jej otec nepochádzal z tohto sveta ale zo sveta démonov. Jej krv je však stále ľudská, hoci pod kožou jej pulzuje temná energia ako uvoľnená žila mágie. Nie je to sila, ktorá by pôsobila čisto či vznešene. Skôr je ako niečo, čo sa drží v tieni, kým sa nerozhodne prehovoriť. <br><br> Jej mágia sa zriedka prejaví priamo. Najskôr sa ťahá ako dym, tieň alebo čierna rana vo vzduchu, až potom z nej vznikne samotné kúzlo. Kým iní čarodejníci žiaria, horia alebo kreslia runy svetlom, Mishel pôsobí, akoby kúzla vyťahovala z miesta, kam by sa ľudia radšej nepozerali. <br><br> Veľa toho nenahovorí. A keď už prehovorí dlhšie, často skĺzne do jazyka, ktorý nikto v miestnosti nepozná. Niektorí si myslia, že ide o starý zabudnutý jazyk. Iní dúfajú, že to jazyk vôbec nie je. Mishel to zvyčajne nevysvetľuje. <br><br> Nie je hlučná, teatrálna ani otvorene hrozivá. Práve preto z nej ide nepokoj. Stojí bokom, sleduje, mlčí a necháva temnú energiu pod kožou pulzovať ako varovanie. Mishel Regebe je pripomienkou, že nie každá moc prichádza zo svetla a nie každá temnota musí kričať, aby ju bolo cítiť.|Description
Arianna-Arconia|Popravca|Arianna Arconia|None|None|Human|Warlock|Tmavohmla|Vacan|29|Živá|Hed|Lovec študent - Skupina 740~3|V meste plnom príšer sú len dve možnosti, stať sa lovcov alebo príšerou. Arianna si ešte pamätá noc, keď ulice nepatrili ľuďom. Pamätá si rev v hmle, krv na dlažbe a tiene, v ktorých sa hýbalo viac, než malo. Pamätá si to lebo tiež bola vtedy na ulici. V Tmavohmle stratila detstvo, no našla zbraň a cieľ. Tam, kde kde sa mohla stať korisťou sa stala lovcom. <br><br> Dnes je lovkyňou, ktorá sa pred zlom neschováva v bezpečí svetla. Arianna kráča do temných uličiek sama, ticho a pripravená. Nie preto, že sa nebojí tmy, ale preto, že vie, čo sa v nej skrýva a rozhodla sa byť ešte horšia pre všetko, čo tam číha, než by to všetko bolo pre iných. Príšery si často myslia, že tieň je ich útočisko. Pri Arianne je to omyl. V Tmavohmle sa totiž naučila loviť presne tam, kde zlo čaká na slabých. Dnes je ona tým, čo číha v tme. |Description
Laestarien-Huf'paftin|Krotiteľ|Laestarien Huf'paftin|None|None|Elf|Fighter|Juhiera|Uriqen|139|Živá|Hed|Lovec študent - Skupina 740~3|Veselá a všestranná lovkyňa, ktorú odjakživa fascinovali víly. Nie pre ich krásu, ale pre ich vychcanosť. Obdivovala spôsob, akým dokázali robiť žartíky, ohýbať pravidlá a vykrútiť sa z problémov skôr, než si ostatní vôbec uvedomili, že nejaký problém vznikol. <br><br> Ako elfka mala desaťročia na to, aby ich pozorovala, študovala a pochopila. Z ich trikov si vzala viac než len zábavu. Naučila sa, že nie každý boj treba vyhrať hrubou silou. Niekedy stačí súpera zmiasť, nalákať, rozptýliť alebo priviesť presne tam, kde ho chce mať. <br><br> Práve preto sa stala Krotiteľkou príšer. Na bojisku využíva rýchly rozum, prefíkané triky a nečakané riešenia, ktoré často pôsobia skôr ako žart než taktika, až kým aj nezafungujú. Vie bojovať s mečom, ovláda aj ďalšie zbrane a dokáže sa prispôsobiť boju zblízka aj na diaľku. <br><br> Laestarien pôsobí ľahko, veselo a hravo, no pod tým je skúsená lovkyňa, ktorá veľmi dobre vie, čo robí. Jej štýl možno nevyzerá vždy vážne, ale práve v tom je jej sila. |Description
Purrtrick-Lung|Ochranca|Purrtrick Lung|None|None|Tabaxi|Fighter|Lesy Života|Levoslav|31|Živý|Hed|Lovec študent - Skupina 740~3|Purrtrick Lung je mohutný tabaxi s výzorom svalnatého snehového leoparda a zbrojou, v ktorej praská živý blesk. Už na pohľad pôsobí ako niekto, kto nebol stvorený na tiché prechádzky chodbou, ale na to, aby stál medzi nebezpečenstvom a ľuďmi, ktorí sa sami brániť nedokážu. <br><br> Ako malý zablúdil do Axrie, kde sa ho ujali ľudia a ochránili ho, keď to potreboval. Purrtrick na to nikdy nezabudol. Dnes im to spláca ako lovec, silou, vernosťou a ochotou postaviť sa príšerám, ktoré by iných prinútili cúvnuť. <br><br> Jeho pazúry nie sú známe tým, že by trhali telá, ale tým, že režú laná spútaných. Purrtrick vie byť desivý v boji, no jeho sila má jasný smer. Nie je to surová šelma vypustená na nepriateľa, ale ochranca, ktorý veľmi dobre vie, koho treba ochrániť. <br><br> Mrzí ho len jedna vec, že viac príšer nie je z rodu rýb. S tým sa však po rokoch služby už ako-tak zmieril. |Description
Nathaniel-Arachnit|Znalec|Nathaniel Arachnit|None|None|Human|Rogue|Jazierchat|Haš|32|Živý|Hed|Lovec študent - Skupina 740~3|Nathaniel Arachnit nikdy neplánoval stať sa lovcom. Oveľa prirodzenejšie mu išlo sledovať bojisko z diaľky, čítať pohyb nepriateľov a hľadať riešenie skôr, než sa ostatní vrhli do nebezpečenstva. Nebol typ, ktorý túžil po sláve v prvom rade. Radšej videl celú sieť problému a miesto, kde ju treba preťať. <br><br> Už pred akadémiou mal povesť podozrivého mladíka. Vedel liezť po budovách, miznúť v uličkách a vyhýbať sa hliadkam tak dobre, že mu ľudia prirodzene prisúdili krádeže. Nathanielovi však nikdy nič dokázané nebolo. A ako sám občas poznamenal — skutočný zlodej by predsa netrávil toľko večerov v knižnici. <br><br> Pravda je, že Nathaniel kradol najmä vedomosti. Roky sedával nad knihami, mapami, správami a starými záznamami, aby pochopil, ako veci fungujú. Kým iní trénovali len ruky alebo nohy, on trénoval pozorovanie, trpezlivosť a schopnosť nájsť cestu tam, kde ostatní videli len prekážku. <br><br> Dnes je Nathaniel Arachnit lovec, ktorého netreba podceniť len preto, že nestojí prvý v útoku. Nie každý boj sa vyhrá silou. Niektoré sa vyhrajú tým, že niekto z diaľky včas pochopí, kde sa celá sieť začne trhať. |Description
Dandaria-Bohova|Absorber|Dandaria Bohova|None|None|Human|Barbarian|Severana|Tamyda|32|Živá|Hed|Lovec študent - Skupina 740~4|Lovkyňa, ktorú si väčšina ľudí zapamätá podľa dvoch obrovských mečov. Na prvý pohľad pôsobia príliš veľké, ťažké a takmer nepraktické, akoby boli určené pre niekoho väčšieho než ona. Lenže to platí iba dovtedy, kým sa Dandaria nerozhnevá. <br><br> Keď sa pustí do bojového hnevu, mení sa spolu s ním aj jej telo. Svaly sa napnú, postoj sa rozšíri a zbrane, ktoré pred chvíľou vyzerali prehnane, jej zrazu padnú do rúk presne tak, ako majú. Vtedy už nepôsobí ako žena s príliš veľkými mečmi, ale ako niekto, komu boli tie meče od začiatku súdené. <br><br> V boji je nezastaviteľná, nekompromisná a drsná. Nehľadá elegantnú cestu, nehrá sa so súperom a neustupuje, keď sa veci zhoršia. Každý výpad je tvrdý, každý krok tlačí nepriateľa späť a každý úder pripomína, že Dandaria neprišla vyjednávať.|Description
Tod|Popravca|Tod   Tichoš|None|None|Human?|Rogue?|???|???|???|Živý|Hed|Lovec študent - Skupina 740~4|Údajne nepovedal ani jedno slovo od chvíle, keď nastúpil na akadémiu. Volal sa jednoducho Tod, no prezývku Tichoš získal tak rýchlo, že si dnes mnohí myslia, že je súčasťou jeho plného mena. <br><br> Tod je tichý, nenápadný a mimoriadne efektívny lovec. Nevysvetľuje, nevyhráža sa a nepotrebuje na seba pútať pozornosť. Zvuky, ktoré zaňho hovoria, sú bodnutie čepele a pád príšery, ku ktorej sa dostal bez toho, aby si ho všimla. <br><br> Kým iní budujú povesť slovami, Tod za seba necháva hovoriť skutky. A tie bývajú veľmi presné. |Description
Valanari-Letkova|Ochranca|Valanari Letkova|None|None|Half-Elf|Monk|Granulia|Zedrad  |29|Živá|Hed|Lovec študent - Skupina 740~4|Valanari Letkova je odpoveďou na otázku, čo sa stane, keď sa tradícia rytierstva stretne s moderným bojovým umením. Kedysi bojovala v plnej zbroji, ako sa na rytiera patrí, no čím viac skúseností získavala, tým jasnejšie videla, že ju kov nechráni vždy na plno ale práva ju skôr obmedzuje. <br><br> Postupne preto zbroj upravovala. Nie podľa tradície, ale podľa potreby. Kus po kuse mizli časti, ktoré jej brali pohyb, až z nej zostala ochrana najmä na rukách a nohách, presne tam, kde plánuje prijímať údery a vracať ich späť. <br><br> Zvyšok tela má odkrytý nie z márnivosti, ale strategicky. Valanari sa pohybuje rýchlejšie, reaguje čistejšie a v čele boja vydrží paradoxne dlhšie než v plnej zbroji. Nespolieha sa na to, že všetko odolá. Spolieha sa na to, že ju nepriateľ trafí len tam, kde mu to dovolí. |Description
Miloš-Ocelík|Znalec|Miloš Ocelík|None|None|Dwarf (Jeweler)|Bard|Skalodom|Rundrur|95|Živý|Hed|Lovec študent - Skupina 740~4|Miloš Ocelík je trpaslík, ktorého hlas znie ďaleko a hlboko. Je hudobník srdcom a lovec dušou, muž, ktorý dokáže z obyčajnej piesne spraviť spomienku, varovanie aj dobrú zábavu pri ohni. <br><br> Ako Znalec zbiera legendy, staré príbehy a poľovnícke záznamy, ktoré potom vkladá do svojich piesní. Niekedy sa v nich nájde užitočný detail o príšere, zabudnutom mieste alebo dávnej chybe lovcov. Inokedy sa tam nájde hlavne niečo oplzlé, pretože Miloš dobre vie, že aj učenosť sa lepšie počúva, keď má rytmus a trochu hanby. <br><br> Nie každá jeho pieseň prinesie cennú informáciu. Nie každá legenda je pravdivá a nie každý verš má hlboký význam. No aj keď sa v piesni nenájde nič použiteľné pre výskum, Milošov hlas a melódia samy o sebe stoja za vypočutie. <br><br>Miloš Ocelík je Znalec, ktorý chápe, že vedomosti nemusia vždy ležať len v knihách. Niekedy prežijú práve preto, že ich niekto zaspieva. |Description
Alexander-Juhierny|Znalec|Alexander Juhierny|None|None|Human|Wizard|Juhiera|Drercur|32|Živý|Hed|Lovec študent - Skupina 740~4|Alexander Juhierny vyrastal v uliciach mesta, kde sa naučil, že papier zmokne a atrament stojí peniaze. Keď raz medzi odpadkami našiel scrying orb, nezačal ním sledovať susedské okná, ale lovcov. Hodiny pozoroval ich súboje, chyby, kúzla a taktiky a všetko si ukladal do pamäti. Tak si vybudoval prehľad, aký nemali ani mnohí študenti akadémie. <br><br> Jeho prvé kúzlo nevzniklo z knihy, ale z opakovania toho, čo videl cez orb. Čím viac vedel, tým viac ho poznanie ťahalo bližšie k skutočnému boju, až raz ako obyčajný pouličný chlapec poradil lovcovi a jeho rada skutočne rozhodla súboj. <br><br> Lovec mu dal podiel z odmeny. Alexander ho neminul na jedlo, posteľ ani nové šaty. Zaplatil si zápis medzi lovcov a vstúpil k Znalcom. Z ulice si priniesol výbornú pamäť, skúsenosti získané pozorovaním a presvedčenie, že aj ten, kto stojí ďaleko od boja, môže rozhodnúť, kto ho prežije. |Description
Eryk-Wysocki|Absorber|Eryk Wysocki|None|None|Human|Fighter|Sostrov|Errasa|19|Mŕtvy|Skaut|Lovec študent - Skupina 740~5|O tejto postave sa toho veľa nevie|Description
Tomasz-Iskrał|Popravca|Tomasz Iskrał|None|None|Gnome|Rogue|Granulia|Humplard|43|Mŕtvy|Skaut|Lovec študent - Skupina 740~5|O tejto postave sa toho veľa nevie|Description
Silvie-Havranová|Krotiteľ|Silvie Havranová|None|None|Half-Elf|Sorcerer|Juhiera|Ralogolor|21|Mŕtva|Skaut|Lovec študent - Skupina 740~5|O tejto postave sa toho veľa nevie|Description
Bran-Durník|Ochranca|Bran Durník|None|None|Dwarf|Paladin|Skalodom|Ghodlon|55|Mŕtvy|Skaut|Lovec študent - Skupina 740~5|O tejto postave sa toho veľa nevie|Description
Kargan-Iskier|Znalec|Kargan Iskier|None|None|Human|Wizard|Jazierchat|Hellia|28|Živý|Skaut|Ex-študent - Skupina 740~5, Správca knižnice Jazierchatu|Prezieravý ale nesebaistý knihovník.|Kargan Iskier, tiež zvaný Strážca Iskry, je knihovník, poradca a bývalý mág, ktorý sa po tragédii vzdal vlastnej sily. Kedysi viedol skupinu mladých dobrodruhov a počas boja v jaskyni správne odhalil slabinu príšery na hrom. Jeho kúzlo monštrum zabilo, no zároveň rozbilo oslabené steny jaskyne a pochovalo jeho spojencov. Prežil iba Kargan.  Odvtedy nedokáže vedome používať mágiu. Pri každom pokuse sa mu vracia spomienka na posledný výboj, ktorý namiesto záchrany priniesol smrť. Svoje chyby nosí v sebe aj navonok — na stole má ošúchaný portrét svojej starej družiny a každú radu končí slovami, že sa možno mýli.  Dnes pracuje ako učenec a poradca, posilňuje telo aj myseľ, akoby tým chcel nahradiť iskru, ktorú stratil. Lenže jeho moc nezmizla. V spánku sa prebúdza sama. Nočné mory menia jeho potlačenú mágiu na výboje svetla, hromu a horiacich rún, preto spáva pripútaný v magických červených putách nad knižnicou, ďaleko od ostatných.  Kargan je muž, ktorý býva často správny, no už neverí vlastnému úsudku. Jeho meno znamená iskra — a tá v ňom stále horí. Otázkou ostáva, či sa raz znovu rozžiari, alebo ho úplne pohltí. 
Antikus-Grook|Absorber|Antikus Grook|Nie som nič viac než lovec ale ani nič menej.|A Hunter, Nothing More|Human|Fighter|Severana|Oker|32|Živý|Hed|Lovec študent - Skupina 740~6|Antikus Grook je lovec bez božskej krvi, proroctva či veľkého mena. Nemá požehnanie z nebies ani silu zdedenú po predkoch. Má len kopiju, štít, jazvy a odhodlanie zostať stáť tam, kde iní ustupujú. Keď sa príšery vrhnú dopredu, Antikus im nejde oproti ako legenda, ale ako človek, ktorý sa jednoducho rozhodol, že ich nepustí ďalej. <br><br> Krváca ako každý iný, unaví sa ako každý iný a jeho kosti sa lámu rovnako ľahko. Lenže Antikus vstane znova. Práve preto sa ho príšery boja. Nie preto, že by bol poloboh, ale preto, že ním nie je — a aj tak sa stále vracia do boja. <br><br> Antikus Grook je lovec, nič viac a nič menej. A možno práve preto patrí medzi tých najnebezpečnejších. |Description
Bazalt_Tatoo|Popravca|Bazalt|None|None|Goliath|Barbarian|Ruiny Temnoty|Don|35|Živý|Hed|Lovec študent - Skupina 740~6|Bazalt je goliath, ktorému Axria sadla až nebezpečne dobre. Jeho hnev je ako hora v pohybe — ťažký, tvrdý a pripravený zosunúť sa na všetko, čo mu stojí v ceste. Pokojný život preňho nikdy nebol skutočným lákadlom. <br><br> Keď sa dopočul, že existuje miesto, kde sa človek môže pravidelne vystavovať smrteľnému nebezpečenstvu v boji s príšerami, jeho krv začala vrieť. Pre iných to znelo ako šialenstvo. Pre Bazalta ako pozvanie. <br><br> Nevydal sa cestou lovca preto, že by hľadal slávu alebo vznešené poslanie. Vydal sa ňou preto, že boj s monštrami bol konečne dosť veľký problém na to, aby doň mohol naplno vraziť celou svojou silou. |Description
Maja-Majakova|Krotiteľ|Maja Majakova|None|None|Human|Sorcerer|Juhiera|Nyxoria|31|Živá|Hed|Lovec študent - Skupina 740~6|Maja Majakova má mágiu v žilách, radosť v očiach a vášeň v srdci. Nič nerobí napoly. Keď sa do niečoho pustí, vloží do toho celú seba — niekedy, vlastne väčšinou, až príliš. <br><br> Ľahko sa nechá pohltiť momentom, emóciou aj vlastným nadšením. Práve preto je však skvelá Krotiteľka. Tam, kde iní ešte premýšľajú, čo sa deje, Maja už cíti zmenu v správaní, napätí alebo pohybe. <br><br> Jej inštinkt často zareaguje skôr než myseľ. A hoci ju to občas dostane do problémov, rovnako často jej to dovolí pochopiť príšeru, situáciu alebo človeka skôr, než to dokáže ktokoľvek iný. |Description
Mailo-Rudla|Ochranca|Mailo Rudla|None|None|Human|Cleric|Sostrov|Hellia|30|Živý|Hed|Lovec študent - Skupina 740~6|Mailo Rudla sa nikdy nechcel stať lovcom. Jeho snom bolo byť lekárnikom, miešať lieky, masti a odvary, ktoré pomáhajú ľuďom skôr, než sa veci zhoršia. To sa zmenilo, keď jeho starší brat ochorel počas lovu a Mailo pochopil, že nestačí vedieť liečiť následky. Musí poznať aj zdroj nákazy. <br><br> Preto sa vydal cestou viery a stal sa Ochrancom. Stojí vpredu, keď treba niekoho zastaviť, a lieči vzadu, keď treba niekoho udržať pri živote. Nie je lovcom preto, že by túžil po boji, ale preto, že niektoré choroby, kliatby a jedy sa nedajú pochopiť z bezpečia lekárne. <br><br> Liek pre svojho brata však stále nenašiel. Mailo preto hľadá ďalej — medzi príšerami, starými záznamami, chorobami aj zázrakmi. Kým existuje čo i len malá šanca, neprestane. |Description
Inge-Čarčoredka|Znalec|Inge Čarčoredka|None|None|Gnome|Artificier|Granulia|Hozrir|60|Živá|Hed|Lovec študent - Skupina 740~6|Inge Čarčoredka pochádza z Granulie, mesta plného techo-mágie, vynálezov a gnomských alchymistických nápadov. Práve alchymisti od gnómov ju silno ovplyvnili, no Inge sa nezaujíma len o stroje a bežné elixíry. Fascinuje ju najmä to, ako sa dá mágia preniesť cez tekutiny, tkanivá, žľazy a živé komponenty. <br><br> Pre Inge nie je príšera iba hrozba, ale aj zdroj poznania. Každý lov je pre ňu príležitosť získať čerstvé vzorky, sledovať reakcie v reálnom čase a pochopiť, ako sa magická biológia prejavuje mimo laboratória. Tam, kde iní vidia sliz, krv alebo jed, ona už premýšľa nad elixírom. <br><br> Lov, zber komponentov a okamžitá analýza pre ňu nie sú povinnosťou. Sú výsadou. Inge Čarčoredka je lovkyňa, ktorá do terénu neprichádza len prežiť boj, ale odniesť si z neho niečo, čo môže zmeniť celý výskum. |Description
Daniel-Kravke|Absorber|Daniel Kravke|None|None|Human|Warlock|Jazierchat|Umbriana|31|Živý|Hed|Lovec študent - Skupina 740~7|Daniel Kravke verí, že každé svetlo vrhá tieň a každý tieň môže byť nebezpečný. Tieň sám o sebe svetlo nevytvorí, iba prehlbuje tmu. No Daniel pochopil, že aj z temného miesta môže človek priniesť svetlo, ak má dosť vôle nenechať sa tou tmou pohltiť. <br><br> Práve preto sa stal Absorbérom. Z temnej esencie nečerpá silu preto, aby šíril strach, ale aby prežil, zosilnel a obrátil ju na niečo užitočné. Tam, kde iní vidia len nebezpečenstvo, Daniel hľadá spôsob, ako ho zadržať, skrotiť a premeniť. <br><br> Jeho cesta nie je čistá ani jednoduchá, no je úprimná. Daniel berie tieň ako palivo a mení ho na plameň nádeje. Nie preto, že by tma bola dobrá, ale preto, že aj z nej sa dá vyrvať sila pre dobrú vec. |Description
Krištof-Ausdemtal|Popravca|Krištof Aus Tiefental|None|None|Human|Fighter/Ranger|Jazierchat|Revion|28|Živý|Hed|Lovec študent - Skupina 740~7|Krištof Aus Tiefental pochádza z rodu, ktorý sa podobne ako Von Hohenbergovia snaží napraviť starú hanbu a získať späť postavenie, ktoré mu kedysi patrilo. Práve preto je zvláštne, že si tieto dva rody takmer vôbec nerozumejú. Majú podobný cieľ, podobné bremeno a podobnú tvrdohlavosť, no možno práve preto medzi nimi vzniká viac napätia než pochopenia. <br><br> Krištof je najmladší lovec svojej línie a stále verí, že meno Aus Tiefental sa dá pozdvihnúť čestne. Neženie ho iba pýcha rodu, ale aj ľudia, ktorí naňho čakajú doma — žena, tri deti, diplomatická sestra Draxlia, otec a matka. Pre nich nie je lov iba osobnou cestou, ale záväzkom. <br><br> Na rozdiel od mnohých lovcov nebojuje ako človek, ktorý nemá čo stratiť. Krištof má veľa čo stratiť, a práve preto berie každý krok vážne. Chce svojmu rodu priniesť lepšiu budúcnosť, no zároveň sa vždy musí vrátiť domov ako muž, otec, brat a syn. |Description
Wolfgang-Sumrak|Krotiteľ|Wolfgang Sumrak|None|None|Genasi|Barbarian|Severana|Decon|32|Živý|Hed|Lovec študent - Skupina 740~7|Wolfgang Sumrak je gentleman s elegantným vystupovaním, uhladeným prejavom a pokojom človeka, ktorý vie presne, akú váhu má každé slovo. Na prvý pohľad nepôsobí ako niekto, kto by patril medzi divokých barbarov. Skôr ako vzdelaný muž, ktorý sa vie správať pri stole, v salóne aj pred šľachtou. <br><br> To platí len dovtedy, kým sa boj nerozhodí do skutočného chaosu. V zápale boja sa jeho telo mení, šaty sa trhajú pod náporom sily a z uhladeného gentlemana sa stáva besniaca hrozba. Wolfgang je to, čomu sa hovorí znalý hromotĺk — muž, ktorý vie myslieť, hovoriť aj pôsobiť na úrovni, no keď treba, holými rukami ohne oceľ. <br><br> Práve tento kontrast z neho robí takú pútavú postavu. Väčšina barbarov s podobnou silou vystačí s krátkymi slovami a dlhým revom. Wolfgang však dokáže najprv pokojne vysvetliť situáciu, a o chvíľu nato stáť uprostred bojiska s vlasmi plápolajúcimi ako modrý oheň. |Description
George-Hviezda|Ochranca|George Hviezda|None|Song of George Hviezda|Halfling|Bard|Lesohaj|Beau|42|Živý|Hed|Lovec študent - Skupina 740~7|George Hviezda je halfling bard, ktorý dokáže rozžiariť krčmu skôr, než stihne dopiť prvý pohár. Neprišiel z veľkého rodu, nenosí žiarivú zbroj a nepotrebuje vznešeného koňa. Stačí mu úsmev, lutna a istota, že ak je svet príliš vysoký, naučí sa lietať vlastným spôsobom. <br><br> Jeho sila nie je v meči, ale v piesni, vtipe a drzom šarme. George dokáže hrať miestnosť ako nástroj — rozosmiať dav, upokojiť hnev, vyprovokovať šľachtica a potom ho prinútiť spievať refrén. Hovorí sa, že by vedel očariť aj draka skôr, než by vzlietol, a pri jeho povesti tomu veľa ľudí verí. <br><br> Kde sa objaví George Hviezda, tam prichádza hluk, radosť a trochu problémov. Niektorí naňho hundrú, iní ho preklínajú, no aj tí si neskôr pospevujú jeho melódiu. George žije pre hudbu, hrá pre život a každú noc má pocit, že svetu ešte dlží jednu lepšiu pieseň. |Description
Krasko-Horenik|Znalec|Krasko Horenik|None|None|Human|Druid|Jazierchat|Gocian|28|Živý|Hed|Lovec študent - Skupina 740~7|Krasko Horenik sa narodil v meste, no jeho život sa zmenil počas obyčajného prechodu lesom v bezpečnom období. Jeho rodinu napadlo monštrum, rodičia zahynuli a Krasko by pravdepodobne zomrel tiež, keby nezasiahli divosi z lesného klanu. Monštrum odohnali a chlapca sa ujali. <br><br> Vyrastal medzi klanmi, učil sa ich zvykom, spôsobu prežitia a rešpektu k lesu. Keď dorástol, vrátil sa späť do mesta, kde ho čakal strýko. Krasko sa dokázal znovu prispôsobiť spoločnosti, no na klan, ktorý ho zachránil a vychoval, nikdy nezabudol. <br><br> Dnes spája tradície divokých klanov s moderným mestským prístupom. Nie je prvý, kto prišiel z klanu do mesta, ale je jedným z mála, ktorí najprv patrili mestu, potom vyrástli v klane, a nakoniec sa naučili patriť obom svetom naraz. |Description
Helena-Sajkl|Popravca|Helena Sajkl|None|Helena of the Blooming Blade|Half-Elf|Paladin|Chladohrad|Tamyda|35|Živá|Hed|Lovec študent - Skupina 740~8|Helena Sajkl pôsobí na prvý pohľad ako obraz klasického paladina — vznešená, čestná, oddaná viere a pripravená stáť medzi slabými a nebezpečenstvom. Jej vzhľad však vie klamať. Helena síce skutočne verí, no jej cieľ nie je taký svätý, ako by sa pri paladinovi čakalo. <br><br> Jej viera sa upiera k Tamyde, sexu vášne a násilia, a pri tomto mene začne jej povaha dávať väčší zmysel. Helena nie je falošná ani nečestná. Naopak, je cnostná natoľko, že môže niesť otcov meč Úsvit. Dá sa na ňu spoľahnúť, dodrží slovo a pomôže, keď je pomoc potrebná. <br><br> Len jej spôsob pomoci býva o niečo tvrdší. Helena radšej zrazí hrozbu k zemi, než by len držala štít pred ranou. Je paladin, ktorý chráni tým, že útočí ako prvý. |empty
Amanda-Okercera|Absorber|Amanda Okercera|None|None|Human  (Demigod) |Barbarian|Juhiera|Oker|28|Živá|Hed|Lovec študent - Skupina 740~8|Amanda Okercera je dcéra Okera, no jej božský dar nepôsobí ako požehnanie. Kým iní polobohovia získajú silu, krásu, múdrosť alebo kožu pevnú ako oceľ, Amanda dostala ruku s vlastným rozumom. Ruku, ktorá ju nie vždy počúva. <br><br> Práve preto sa stala lovkyňou. Nie preto, že by túžila po sláve, ale preto, že sa potrebovala naučiť ovládať časť vlastného tela skôr, než začne ovládať ona ju. Dnes je Amanda obojručná, no nie vždy úplne podľa vlastnej vôle. Niekedy jej ruka pomôže skôr, než stihne zareagovať. Inokedy jej pokazí plán, rozhovor alebo celý boj. <br><br> Jej zvláštny dar je nebezpečný aj užitočný zároveň. Amanda napríklad nemôže jednoducho odpadnúť ako ostatní — ak jej myseľ povolí, ruka preberie kontrolu a bojuje ďalej. Je to prekliatie, ochrana aj pripomienka, že nie každý dar od boha sa dá nosiť s hrdosťou. Niekedy ho treba najprv skrotiť. |empty
Ervart-Goldschmied|Absorber|Ervart Goldschmied|None|Ervarth - Laugh at the Abyss|Human|Warlock|Jazierchat|Javan|29|Živý|Hed|Lovec študent - Skupina 740~8|Ervart Goldschmied pochádza zo šľachtického rodu, ktorý bol viac meno než skutočná moc. Narodil sa medzi zvyškami bohatstva, rodovými erbmi a prázdnymi stenami, kde sa o minulosti hovorilo hlasnejšie než o budúcnosti. V krvi má zlato, no v rukách skôr prach. <br><br> Napriek tomu z neho nevyrástol zlomený dedič. Ervart nosí šľachtický úsmev, panský kabát a v očiach iskru niekoho, kto sa rozhodol, že rozpad nemusí byť koniec. Tam, kde by iných hanba rodu alebo chudobná vznešenosť zatlačila k zemi, on si z nej spravil masku, zbraň a dôvod smiať sa ešte hlasnejšie. <br><br> Jeho moc je temná, no nie poddajná. Ervart pracuje s tieňmi, s kliatbou a silou, ktorú sotva drží úplne pod kontrolou. Nehrá sa na čistého hrdinu v bielom a zlate. Skôr patrí medzi tých, ktorí bojujú s temnotou zvnútra, vlastnými prasklinami a prekliatou iskrou v duši. <br><br> Keď sa priepasť pozerá na neho, neuhne pohľadom ale smeje sa jej. Práve tým je nebezpečný, nebojí sa, nemá strach ako, ako majú ostatný. Lebo on z temných miest dokáže vytiahnuť svetlo, z hanby výzvu a z pádu ďalší krok dopredu. <br><br> Ervart Goldschmied je šľachtic bez pevného zázemia, rebel s gentlemanským úklonom a muž, ktorý si nesie vlastnú kliatbu ako horiacu pochodeň. Svet je rozbitý, temnota hladná a on sa aj tak usmieva, akoby práve začínala najlepšia časť života. |empty
Dytria-Grats|Popravca|Dytria Grats|None|The Lion's Daughter|Human|Barbarian|Jazierchat|Javan|29|Živá|Hed|Lovec študent - Skupina 740~8|Dytria Grats je najstaršia vnučka Boralda Gratsa a najstaršia dcéra z poslednej generácie rodu Gratsovcov. Ako jediná zo svojich súrodencov a sesterníc ešte zažila starého otca osobne — a práve on jej vzal detstvo skôr, než vôbec pochopila, čo znamená bojovať.  Krátko po tom, čo sa naučila chodiť a udržať predmet v ruke, jej Borald vložil do ruky dýku a hodil ju do arény s pripraveným levom. Dytria tam takmer zomrela. Prežila len zázrakom, zranená a zjazvená, no živá. Boraldov synovia o tom nevedeli, a keď sa pravda ukázala, rodinné vzťahy sa hlboko narušili.  Od toho dňa už Dytria nebola dieťaťom. Stala sa ďalším nástrojom v Boraldovej posadnutej vízii rodu lovcov príšer. Trofej z leva nosí dodnes na pleci — kožu, srsť a pozostatky tvora, ktorého ako dieťa prežila. Hovorí sa, že v tej srsti stále zostala zvláštna pevnosť a antimagická sila, ktorú Dytria dokáže využiť v boji.  Dytria je tichá, zatrpknutá a odťažitá žena. Nehovorí viac, než musí, a keď už prehovorí, zvyčajne je to o boji, love alebo prežití. So svojím otcom takmer nekomunikuje. Najbližší jej bol Gregor, ktorý ju ako dieťa dokázal aspoň trochu pochopiť, no ten je dnes preč. S Ľudvikom si rozumie iba čiastočne a najbližšie má možno k sesterniciam Ľudmile a Grethe, hoci aj pred nimi si drží odstup.  Dytria pôsobí ako žena, ktorá nikdy nedostala možnosť byť dieťaťom. Je tvrdá, strohá a nebezpečne sústredená. Nie preto, že by nemala city, ale preto, že ju naučili, že city v aréne neprežijú. |Dytria Grats je najstaršia vnučka Boralda Gratsa a najstaršia dcéra z poslednej generácie rodu Gratsovcov. Ako jediná zo svojich súrodencov a sesterníc ešte zažila starého otca osobne — a práve on jej vzal detstvo skôr, než vôbec pochopila, čo znamená bojovať.  Krátko po tom, čo sa naučila chodiť a udržať predmet v ruke, jej Borald vložil do ruky dýku a hodil ju do arény s pripraveným levom. Dytria tam takmer zomrela. Prežila len zázrakom, zranená a zjazvená, no živá. Boraldov synovia o tom nevedeli, a keď sa pravda ukázala, rodinné vzťahy sa hlboko narušili.  Od toho dňa už Dytria nebola dieťaťom. Stala sa ďalším nástrojom v Boraldovej posadnutej vízii rodu lovcov príšer. Trofej z leva nosí dodnes na pleci — kožu, srsť a pozostatky tvora, ktorého ako dieťa prežila. Hovorí sa, že v tej srsti stále zostala zvláštna pevnosť a antimagická sila, ktorú Dytria dokáže využiť v boji.  Dytria je tichá, zatrpknutá a odťažitá žena. Nehovorí viac, než musí, a keď už prehovorí, zvyčajne je to o boji, love alebo prežití. So svojím otcom takmer nekomunikuje. Najbližší jej bol Gregor, ktorý ju ako dieťa dokázal aspoň trochu pochopiť, no ten je dnes preč. S Ľudvikom si rozumie iba čiastočne a najbližšie má možno k sesterniciam Ľudmile a Grethe, hoci aj pred nimi si drží odstup.  Dytria pôsobí ako žena, ktorá nikdy nedostala možnosť byť dieťaťom. Je tvrdá, strohá a nebezpečne sústredená. Nie preto, že by nemala city, ale preto, že ju naučili, že city v aréne neprežijú. 
Vilo-Rozsipal|Absorber|Vilo Rozsipal|None|None|Human|Wizard|Jazierchat|Haset|30|Živý|Hed|Lovec študent - Skupina 740~8|Vilo Rozsipal je celý otec — aspoň na pohľad. V tvári, mene aj prvom dojme v ňom ľudia často vidia Viliama, no stačí pár viet a rozdiel je jasný. Kde by Viliam prišiel s tvrdým rozkazom alebo rozumným plánom, Vilo radšej prihodí vtip, úsmev a spôsob, ako napätie trochu zmäkčiť. <br><br> Nie je bojovník rovnakého druhu ako jeho otec. Kým Viliam stál pevne vpredu s mečom v ruke a ohňom v očiach, Vilo sa radšej drží ďalej od najhoršieho nárazu a tým vpredu úprimne popraje šťastie. Kým Viliam hromadil majetok ako dôkaz moci, Vilo ho míňa na vzácne predmety, zvláštnosti a veci, ktoré majú príbeh. <br><br> Práve preto si Vilo získava to, čo jeho otec často strácal. Kde si Viliam tvrdosťou a aroganciou vyrábal nepriateľov, Vilo si otvorenosťou a ľahším prístupom buduje známosti, kontakty a verných priateľov. Je kópiou otca len navonok — vo vnútri je to úplne iný človek. |empty
Bristila-Harfa|Znalec|Bristila Harfa|None|None|Half-Elf|Wizard|Sostrov|Zael|24|Živá|Hed|Lovec študent - Skupina 745~0|O tejto postave sa toho veľa nevie|empty
Ľudmila-Grats|Ochranca|Ľudmila Grats|None|None|Human|Fighter|Jazierchat|Zael|23|Živá|Hed|Lovec študent - Skupina 745~0|O tejto postave sa toho veľa nevie|Ľudmila Grats sa kedysi viac zaujímala o chlapcov než o monštrá. Hoci pochádzala z rodu lovcov a od otca aj predkov mala dosť vedomostí o nebezpečenstvách sveta, dlho verila, že veci nie sú také zlé, ako sa hovorí. Myslela si, že príšery sú problémom lovcov, nie bežného života.  To sa zmenilo na výskumnej stanici v Chladohrade, kde počas výletu zaútočili monštrá. Jej priateľ sa odtiaľ nedokázal dostať živý. Ľudmila tam nebola pri ňom. Nepomohla mu, neochránila ho a dodnes si vyčíta, že si nevšimla nebezpečenstvo skôr. Verí, že keby konala inak, možno by prežil.  Táto strata jej vzala ľahkovážnosť. Pochopila, že svet nie je bezpečnejší len preto, že si to človek želá, a že nevedomosť dokáže zabiť rovnako ako pazúry. Preto sa ešte mladá rozhodla vstúpiť na akadémiu a nasledovať cestu svojho otca ako Ochrankyňa.  Ľudmila nebojuje preto, aby získala slávu rodu Gratsovcov. Bojuje preto, aby už nikto nemusel stáť nad prázdnym miestom, kde mal byť človek, ktorého miloval. Chce chrániť tých, ktorí sa sami ochrániť nedokážu, a byť tam vtedy, keď tam kedysi nebola. 
Lynda-Grookova|Popravca|Lynda Grookova|Žiadne zľutovanie a obzvlášť nie pre silných!|To Hades and Back|Human|Fighter|Severana|Oker|24|Živá|Hed|Lovec študent - Skupina 745~0|Lynda Grookova je lovkyňa, ktorá sa smeje aj tam, kde iní stíchnu. Nie je tieňom svojho brata Antikusa ani kópiou jeho pevnej vážnosti. Kým on drží líniu ako železný múr, Lynda do boja vnáša oheň, pohyb a drzý úsmev. Kopiju drží vysoko, nebezpečenstvu ide naproti a aj cestu do podsvetia by okomentovala tak, že sa aspoň nebude nudiť. <br><br> Bojuje nie pre slávu, ale pre krv, radosť z výzvy a vernosť voči tým, ktorých miluje. Keď Antikus vstúpi do tieňa, Lynda ide za ním — nie z povinnosti, ale preto, že je to jej brat a ona ho nenechá kráčať samého. Menej prísaha, viac smiech. Menej ťažoba, viac plameň. No keď príde na skutočný boj, strach ju nezastaví. <br><br> Lynda Grookova je jasná, divoká a odvážna sila na hrane hrobu. Tam, kde Antikus stojí pevne, ona rozbíja pochmúrnosť. S kopijou v ruke, vtipom na perách a srdcom príliš živým na to, aby sa bálo smrti. |empty
Melisa-Svetlíková|Absorber|Melisa Svetlíková|None|None|Human|Blood Hunter|Pieskostan|Zariana|23|Živá|Hed|Lovec študent - Skupina 745~0|O tejto postave sa toho veľa nevie|empty
Stela-Rifs|Krotiteľ|Stela Rifs|None|None|Aasimar|Ranger|Jazierchat|Dybok|26|Živá|Hed|Lovec študent - Skupina 745~0|O tejto postave sa toho veľa nevie|empty
Ilibor-Kravke|Krotiteľ|Ilibor Kravke|None|None|Human|Blood Hunter|Jazierchat|Eira|27|Živý|Hed|Lovec študent - Skupina 745~1|Ilibor Kravke, podobne ako jeho brat Daniel, verí, že aj temnota môže slúžiť svetlu. Na rozdiel od neho však neverí, že samotná mágia stačí. Preto si zvolil cestu tieňa a meča — cestu, kde sa sila neukazuje len v kúzle, ale aj v odvahe vstúpiť tam, kam sa iní boja pozrieť. <br><br> Táto cesta ho často vedie hlbšie do temnoty, než by sám chcel. Tieň je užitočný spojenec, ale nebezpečný učiteľ. Ilibor vie, že ak človek bojuje príliš dlho zbraňami tmy, môže začať zabúdať, prečo ich vlastne drží. <br><br> Späť ho však vždy ťahá jeho vlastná predstava o lovcoch — o prvých hrdinoch z príbehov a hier, ktorí sa nebáli temnoty, no nikdy jej nepatrili. Ilibor chce byť ako oni. Lovec, ktorý vstúpi do tieňa, ale vráti sa z neho na strane svetla. |empty
Janet-Majakova|Znalec|Janet Majakova|None|None|Human|Sorcerer|Juhiera|Zael|25|Živá|Hed|Lovec študent - Skupina 745~1|O tejto postave sa toho veľa nevie|empty
Kwandu-Malrik|Popravca|Kwandu Malrik|None|None|Human|Warlock|Sostrov|Hellia|23|Živý|Hed|Lovec študent - Skupina 745~1|O tejto postave sa toho veľa nevie|empty
Želmíra-TmavoKrvá|Ochranca|Želmíra TmavoKrvá|None|None|Human|Monk|Pieskostan|Syrvaad|26|Živá|Hed|Lovec študent - Skupina 745~1|O tejto postave sa toho veľa nevie|empty
Roderick-Plamenný|Absorber|Roderick Plamenný|None|Hellfire Absolver|Tiefling|Sorcerer|Tmavohmla|Thelvus|28|Živý|Hed|Lovec študent - Skupina 745~1|Roderick prišiel o rodičov tak skoro, že si ich nestihol ani uložiť do pamäti. Ujal sa ho rod Elinuranovcov spolu s ďalšími mladými tieflingmi, v ktorých sa možno ukrývala démonická krv a magický potenciál. Práve tam Roderick prvýkrát zistil, že má v žilách moc, a začal na sebe tvrdo pracovať. <br><br> Keď sa ukázalo, že Thadesus nedokáže naplniť očakávania rodu, Elinuranovci začali naplno cvičiť Tieflinov, ktorý mali záujem. Roderick medzi nimi exceloval. Mal dar, disciplínu a hlad po uznaní. Lenže potom mladý Murez s knihou dokázal viac než Roderick so všetkou svojou snahou, a rod zrazu prestal potrebovať náhradu. <br><br> Roderick preto odišiel. Ak nemohol ako Elinuran loviť démonov, bude ako Roderick loviť všetky monštrá. Dal sa zapísať medzi lovcov a začal absorbovať všetko, čo po boji zostalo. Jeho koža sa časom zmenila z jemne červenej na čiernu popraskanú a niekedy úplne plamennú a meno Roderick Tmavohmlač nahradilo nové, Roderick Plamenný. Nie ako dar rodu, ale ako meno, ktoré si vypálil sám. |Priatel rodu Elinuran (Zoriho rodiny – Zori ho spozná)
Ivgar-Kugon|Absorber|Ivgar Kugon|None|None|Orc|Blood Hunter|Ogramište|Bland|17|Živý|Hed|Lovec študent - Skupina 745~2|O tejto postave sa toho veľa nevie|Description
Anmada-Una'Lari|Popravca|Anmada Una'Lari|None|None|Elf|Fighter|Lesohaj|Virwraek|128|Živá|Hed|Lovec študent - Skupina 745~2|O tejto postave sa toho veľa nevie|empty
Balwok-Wardan|Krotiteľ|Balwok Wardan|None|None|Dwarf|Barbarian|Vyskyna|Makrak|75|Živý|Hed|Lovec študent - Skupina 745~2|O tejto postave sa toho veľa nevie|empty
Bastian-Konar|Ochranca|Bastian Konar Rytier|None|Bastian - Light That Endures|Human|Paladin|Zaskyna|Vallor|25|Živý|Hed|Lovec študent - Skupina 745~2|Bastian Konar nie je rytier zrodený z koruny, slávy ani veľkého rodu. Svoju cestu si vykoval sám, cez pochybnosti, bolesť a vieru, ktorá neprišla ako rozkaz, ale ako tiché svetlo v najťažších chvíľach. Tam, kde iní v temnote vidia len hriech alebo nepriateľa, Bastian vidí aj miesto, kde môže svetlo konečne niečo znamenať. <br><br> Je bojovník, ktorý pozná meč aj krv, no nevyhľadáva hnev. Ak môže, volí milosť, trpezlivosť a pomocnú ruku. Keď však temnota siahne po nevinných, jeho pokoj sa zmení na svätý oheň. Nie besnenie, ale účel vedie jeho ruku — jasný, spravodlivý a neústupný. <br><br> Bastian Konar je nositeľ slnka, štít slabých a plameň, ktorý nevyhasína ani v noci. Vallorovo svetlo kedysi ukázalo cestu jemu, a dnes sa ho Bastian snaží niesť ďalej pre každého, kto ešte nezabudol dúfať. |empty
Violet-Martin|Znalec|Violet Martin|None|None|Aasimar|Wizard|Chladohrad|Thelvus|26|Živá|Hed|Lovec študent - Skupina 745~2|O tejto postave sa toho veľa nevie|empty
Bielko-Hularo|Absorber|Bielko Hularo|None|Bielkos Lucky Claws|Tabaxi|Rogue|Pieskostan|Javan|27|Živý|Hed|Lovec študent - Skupina 745~3|Bielko Hularo je bielosrstý lovec s prázdnymi vreckami, širokým úsmevom a šťastím, ktoré sa ho drží až podozrivo verne. Kam príde, tam sa skôr či neskôr objavia problémy, no Bielko má zvláštny talent zakopnúť o ne tak, že z toho nakoniec vyjde príbeh, smiech alebo nečakané víťazstvo. <br><br> Nie je vždy najostrejší v boji ani najopatrnejší na cestách, ale má úprimné srdce a vernú dušu. Hovorí pravdu aj vtedy, keď by bolo múdrejšie mlčať, čo ho často dostane do ďalšej nepríjemnosti. Lenže potom sa akoby sama cesta ohne, minca sa objaví tam, kde treba, a nebezpečenstvo stratí istotu. <br><br> Bielko Hularo je lovec, pri ktorom sa dá prežiť aj zasmiať. Ak kráča po ceste, dobrodružstvo už pravdepodobne beží za ním — a šťastie mu už dávno drží miesto pri ohni. |empty
Camile-Redeson|Znalec|Camile Redeson|None|None|Human|Wizard|Juhiera|Odizan|26|Živá|Hed|Lovec študent - Skupina 745~3|O tejto postave sa toho veľa nevie|empty
Enu'Ana'Lia-Ounogou|Krotiteľ|Enu'Ana'Lia Ounogou|None|None|Half-Elf|Sorcerer|Stromoraj|Ralogolor|32|Živá|Hed|Lovec študent - Skupina 745~3|O tejto postave sa toho veľa nevie|empty
Radovan-Rybník|Ochranca|Radovan Rybník|None|None|Human|Blood Hunter|Pieskostan|Davian|28|Živý|Hed|Lovec študent - Skupina 745~3|O tejto postave sa toho veľa nevie|empty
Razag|Popravca|Razag|None|None|Lizardfolk|Barbarian|Ruiny Temnoty|empty|24|Živý|Hed|Lovec študent - Skupina 745~3|O tejto postave sa toho veľa nevie|empty
Iveth-Asmaliova|Ochranca|Iveth Asmaliova|None|None|Half-Elf|Fighter|Lesohaj|Elavalur |25|Živá|Hed|Lovec študent - Skupina 745~4|O tejto postave sa toho veľa nevie|empty
Ogscar-Rogba|Popravca|Ogscar Rogba|None|None|Orc|Paladin|Ogramište|Tiny|18|Živý|Hed|Lovec študent - Skupina 745~4|O tejto postave sa toho veľa nevie|empty
Roman-Romulus|Absorber|Roman Romulus|None|None|Human|Fighter|Severana|Oker|24|Živý|Hed|Lovec študent - Skupina 745~4|O tejto postave sa toho veľa nevie|empty
Sindarin-El'Nari|Krotiteľ|Sindarin El'Nari|None|None|Elf|Sorcerer|Chladohrad|Zylhana|128|Živá|Hed|Lovec študent - Skupina 745~4|O tejto postave sa toho veľa nevie|empty
Zilou-Yund|Znalec|Zilou Yund|None|None|Genasi|Wizard|Chladohrad|empty|26|Živý|Hed|Lovec študent - Skupina 745~4|O tejto postave sa toho veľa nevie|empty
Chris'tana-Hof’Goria|Popravca|Chris'tana Hof’Goria|None|None|Elf|Ranger|Juhiera|Zylhana|130|Živá|Hed|Lovec študent - Skupina 745~5|O tejto postave sa toho veľa nevie|empty
Franze-Ogram|Krotiteľ|Franze Ogram|None|None|Half-Orc|Monk|Granulia|Beau|23|Živý|Hed|Lovec študent - Skupina 745~5|O tejto postave sa toho veľa nevie|empty
Piter-Heinricht|Absorber|Piter Heinricht|None|None|Human|Fighter|Granulia|Eirich|24|Živý|Hed|Lovec študent - Skupina 745~5|O tejto postave sa toho veľa nevie|empty
Urbar-Heinricht|Ochranca|Urbar Heinricht|None|None|Human|Fighter|Granulia|Eirich|56|Živý|Hed|Lovec študent - Skupina 745~5|O tejto postave sa toho veľa nevie|empty
Zasmal-Zink|Znalec|Zasmal Zink|None|None|Gnome|Artificier|Granulia|Tharnid|59|Živý|Hed|Lovec študent - Skupina 745~5|O tejto postave sa toho veľa nevie|empty
Claire-Erldikt|Znalec|Claire Erldikt|None|None|Half-Elf|Wizard|Pieskostan|Zurro|29|Živá|Hed|Lovec študent - Skupina 745~6|O tejto postave sa toho veľa nevie|empty
Kaerth-Lanua|Ochranca|Kaerth Lanua|None|None|Tiefling|Bard|Tmavohmla|Mirlo|24|Živý|Hed|Lovec študent - Skupina 745~6|O tejto postave sa toho veľa nevie|empty
Lana-Pecova|Absorber|Lana Pecova|None|None|Genasi|Druid|Stromoraj|Glacien|26|Živá|Hed|Lovec študent - Skupina 745~6|O tejto postave sa toho veľa nevie|empty
Volia-Xazit|Krotiteľ|Volia Xazit|None|None|Human|Sorcerer|Skalodom|Ghad|27|Živá|Hed|Lovec študent - Skupina 745~6|O tejto postave sa toho veľa nevie|empty
Garfolso-Ala'nuiara-Zelený|Popravca|Garfolso Ala'nuiara Zelený|None|None|Tabaxi|Fighter|Juhiera|Elavalur|25|Živý|Hed|Lovec študent - Skupina 745~6|O tejto postave sa toho veľa nevie|empty
Ladislav-Bor|Popravca|Ladislav Bör Ursidae|None|None|Human|Fighter|Jazierchat|Errasa|24|Živý|Hed|Lovec študent - Skupina 745~7|O tejto postave sa toho veľa nevie|empty
Privana-Ryzo|Absorber|Privana Ryzo|None|None|Halken|Blood Hunter|Juhiera|Ursox|23|Živá|Hed|Lovec študent - Skupina 745~7|O tejto postave sa toho veľa nevie|empty
Quill-Meadow|Znalec|Quill Meadow|None|None|Half-Elf|Wizard|Lesohaj|Mirlo|28|Živá|Hed|Lovec študent - Skupina 745~7|O tejto postave sa toho veľa nevie|empty
Tatiana-Rokhen|Krotiteľ|Tatiana Rokhen|None|None|Aasimar|Sorcerer|Severana|Zael|29|Živá|Hed|Lovec študent - Skupina 745~7|O tejto postave sa toho veľa nevie|empty
Zuzalia-Biela|Ochranca|Zuzalia Biela|None|None|Aasimar|Paladin|Pieskostan|Hellia|28|Živá|Hed|Lovec študent - Skupina 745~7|O tejto postave sa toho veľa nevie|empty
Kulkumak-Hularo|Znalec|Kulkumak Hularo|None|Midnight Mix of Kulkumak|Tabaxi|Artificier|Pieskostan|Rundrur|27|Živý|Hed|Lovec študent - Skupina 745~8|Kulkumak Hularo je tabaxi z Granulie, ktorý dokázal z ozubených koliesok, drôtov, iskier a rytmu vytvoriť vlastný druh mágie. Nie každý hrdina potrebuje meč a nie každý hudobník musí spievať ako starí bardi. Kulkumak namiesto toho postavil zvuk z obvodov, reproduktorov a techo-magických vynálezov, ktoré dokážu rozhýbať celú miestnosť. <br><br> Cez deň je lovcom, opravárom a vynálezcom, ktorý vie upraviť výstroj, doladiť zbraň alebo z nefunkčného kusu kovu spraviť užitočný nástroj. V noci sa však mení na rytmického kráľa Granulie. Jeho rýchle ruky, bystrá myseľ a šibalský úsmev premieňajú ticho na beat, iskry na svetlo a techniku na hudbu. <br><br> Kulkumak Hularo je dôkazom, že aj stroj môže mať dušu, ak ho postaví niekto s dostatkom vášne. Kde sa objaví, tam sa rozsvietia neóny, rozoznejú basy a Granulia pripomenie svetu, že nikdy celkom nespí. |empty
Maghol|Absorber|Maghol|None|None|Tortle|Fighter|Sostrov|Hunkuka|24|Živý|Hed|Lovec študent - Skupina 745~8|O tejto postave sa toho veľa nevie|empty
Pieta-Lensen|Ochranca|Pieta Lensen|None|None|Human|Barbarian|Ogramište|Rarex|24|Živá|Hed|Lovec študent - Skupina 745~8|O tejto postave sa toho veľa nevie|empty
Trinta-Golhes|Krotiteľ|Trinta Golhes|None|None|Half-Elf|Artificier|Granulia|Mirantra|28|Živá|Hed|Lovec študent - Skupina 745~8|O tejto postave sa toho veľa nevie|empty
Vayla-Rosa|Popravca|Vayla Rosa|None|None|Human|Ranger|Jazierchat|Revion|25|Živá|Hed|Lovec študent - Skupina 745~8|O tejto postave sa toho veľa nevie|empty
Juraj-Arachnit|Absorber|Juraj Arachnit|None|None|Human|Rogue|Jazierchat|Melou|27|Živý|Hed|Lovec študent - Skupina 745~9|O tejto postave sa toho veľa nevie|Description
Gretha-Grats|Krotiteľ|Gretha Grats|None|None|Human|Cleric|Jazierchat|Saci|24|Živá|Hed|Lovec študent - Skupina 745~9|O tejto postave sa toho veľa nevie|Gretha Grats je dcéra Gregora Gratsa, hoci svojho otca nikdy nespoznala. Narodila sa až po jeho smrti a meno dostala práve na jeho pamiatku, ako posledný odraz človeka, ktorý jej v živote zostal skôr príbehom než spomienkou. Vyrastala medzi rozprávaniami o Gregorovi, jeho odvahe, dobrote a smrti, ktorá po ňom v rode zanechala tiché prázdno.  Spoznala svojich strýkov, Bolyvara a Ľudviga, no otca poznala len cez slová iných. Práve preto sa celý život snažila žiť tak, aby by na ňu mohol byť hrdý. Vybrala si cestu lovkyne, podobne ako on, no nie rovnakým spôsobom. Gregor bol ochranca, ktorý padol pri tom, keď chránil iných. Gretha si z jeho smrti nevzala len obdiv, ale aj otázku — či sa tomu nedalo zabrániť skôr.  Preto sa ako jediná z poslednej generácie Gratsovcov nevydala priamo v stopách svojho rodiča. Namiesto fakulty Ochrancov si vybrala Krotiteľov. Nechcela iba stáť medzi monštrom a obeťou, keď už je neskoro. Chcela sa naučiť príšery pochopiť, nalákať, oklamať, skrotiť alebo dostať do pasce ešte predtým, než ony dostanú do pasce ľudí.  Gretha nie je menej odvážna než jej otec. Je len inak odvážna. Verí, že zachrániť život niekedy znamená nebojovať silou, ale predvídať, pripraviť pascu a zmeniť výsledok skôr, než sa tragédia zopakuje. V jej očiach nie je krotenie slabosťou, ale spôsobom, ako dať smrti menej príležitostí. 
Kranga-Guroles|Popravca|Kranga Guroles|None|None|Orc|Blood Hunter|Ogramište|Grenava|20|Živá|Hed|Lovec študent - Skupina 745~9|O tejto postave sa toho veľa nevie|empty
Majk|Ochranca|Majk|None|None|Goliath|Druid|Lesy Života|Uaqaeht|23|Živý|Hed|Lovec študent - Skupina 745~9|O tejto postave sa toho veľa nevie|empty
Sofia-Klarueox|Znalec|Sofia Klarueox|None|None|Half-Elf|Sorcerer|Jazierchat|Geles|28|Živá|Hed|Lovec študent - Skupina 745~9|O tejto postave sa toho veľa nevie|empty
Gors-Kotandan|Wanted|Gors Kotandan|None|None|empty|empty|empty|empty|empty|Živý|empty|Mafia boss|O tejto postave sa toho veľa nevie|empty
Moritz-Papilio|Mudrc|Moritz Papilio|None|None|empty|empty|empty|empty|empty|Živý|empty|Mudrc|O tejto postave sa toho veľa nevie|empty
Driana-Prachova|Remeslo|Driana Prachova|None|None|empty|empty|empty|empty|empty|Živý|empty|Obchodník|O tejto postave sa toho veľa nevie|empty
Forbidden-Alfira|Popravca|Forbidden Alfira|None|None|empty|empty|empty|empty|empty|Mŕtva|empty|Old hunter circa 85|O tejto postave sa toho veľa nevie|empty
Forbidden-Iovor|Ochranca|Forbidden Iovor|None|None|empty|empty|empty|empty|empty|Mŕtvy|empty|Old hunter circa 85|O tejto postave sa toho veľa nevie|empty
Forbidden-Leahlan|Absorber|Forbidden Leahlan|None|None|empty|empty|empty|empty|empty|Mŕtvy|empty|Old hunter circa 85|O tejto postave sa toho veľa nevie|empty
Niara-Oracle|Mudrc|Niara Oracle|None|None|empty|empty|empty|empty|empty|Živá|empty|Oracle of Ogramište|O tejto postave sa toho veľa nevie|empty
Belo-DeRueox|Mesto|Belo DeRueox|None|Oath of DeRueox|Human|Fighter|Jazierchat|Zekkil|33|Živý|---|Osobný strážca Lanc Rueoxa|Smutný muž, ktorý si ale plní svoje poslanie perfektne. Stráži princa ale je viditeľne nespokojný s princovím správaním. Neraz skôr ako princ odišiel tak sa za neho Belo ospravedlnil. Okrem toho však Belo nehovorí alebo nerobí veľa, je tieň princa a jeho ochranca.|Ten kto sa nenarodí v priamej pokrvnej línií k prvorodenému synovi kráľa sa stáva automaticky verným služobníkom trónu. To je prípad aj Bela DeRuexa, ktorý sa od svojich 10 rokov stará o bezpečie bratranca. Ako osobný strážca Markíza, bol Belovi predelený výnimočný prístup na Akadémiu a ako jediný neštudent sa zúčastňuje všetkých prednášok, cvičení aj výprav. Je vidieť, že Belo je oddaný služobník, nikdy nemá výhrady voči svojej službe a zdá sa, že je na konštantne v pozore.
Mezere|None|Mezere|Neničím ich životy. Nechám ich, aby to urobili sami.|None|empty|empty|empty|empty|empty|Živá|empty|Patron, Warlock, Goddess from Tmavohmla|O tejto postave sa toho veľa nevie|Mezere, tiež zvaná Veľkolepá Nočná Mora, nie je obeťou kliatby ani tragédie. Je zlá preto, lebo ju teší ničiť. Nehľadá rýchlu smrť, ale pomalý rozpad života, povesti, lásky a vôle. Jej najväčším pôžitkom je sledovať, ako sa človek zlomí vlastnými rukami, zatiaľ čo si myslí, že všetko bola jeho chyba.  Kedysi bola čarodejnicou, ktorá vytvorila kúzlo na dočasné odčerpanie vôle. Keď videla človeka, ktorý mal stále svoje spomienky, túžby aj schopnosti, no už nedokázal konať, okamžite pochopila krásu tejto moci. Neskôr svoje kúzlo zdokonalila do tmavého ametystového kryštálu, ktorý nosí na krku. Ten už neberie dušu ani telo — berie vôľu.  Mezere neláme obete silou. Najprv ich spozná, získa si ich dôveru, odhalí ich túžby a slabiny. V podobe havrana ich sleduje z okien, striech a tieňov, kým presne nevie, kde zatlačiť. Keď sa človek dobrovoľne vzdá zábran a pustí ju k sebe, kryštál si vezme zvyšok jeho vôle. Obeť potom žije ďalej, no bez sily napraviť škody, ktoré sama spôsobila.  Najradšej ničí hrdinov, šľachticov, paladinov a ľudí s dobrým životom, pretože tam je najviac čo rozbiť. Občas po sebe zanechá aj deti, nie z lásky, ale ako ďalšiu jazvu v živote obete. Niektoré o nej nikdy nezistia, iné ju začnú obdivovať a niektoré sa spoja do temnej skupiny známej ako Hollow Brood — deti Mezere, ktoré svoju matku nenávidia, hľadajú, alebo sa jej desivo podobajú.  Mezere je krásna, trpezlivá a nebezpečne inteligentná nočná mora. Nechce hrdinov iba zabiť. Chce ich poznať, pokaziť a nechať ich žiť dosť dlho na to, aby sledovali trosky vlastného mena. 
Hayden-Vainor-Wineboy|Remeslo|Hayden Vainor|None|None|Human|Fighter|Jazierchat|Beau|37|Živý|empty|Posledny Kalsar|O tejto postave sa toho veľa nevie|empty
Galarien-Fey'Eluna|None|Galarien Fey'Eluna|None|None|empty|empty|empty|empty|empty|Živá|empty|Púštna čarodejnica|O tejto postave sa toho veľa nevie|empty
Aren-Vey-Man|None|Aren Vey Man|None|None|empty|empty|empty|empty|empty|Živý|empty|Skin|O tejto postave sa toho veľa nevie|empty
Aren-Vey-None|None|Aren Vey None|None|None|empty|empty|empty|empty|empty|Živý|empty|Skin|O tejto postave sa toho veľa nevie|empty
Hayden-Vainor--Boris-Kalsar|None|Hayden Vainor  Boris Kalsar|None|None|empty|empty|empty|empty|empty|Živý|empty|Skin|O tejto postave sa toho veľa nevie|empty
Hayden-Vainor-Masked|None|Hayden Vainor Masked|None|None|empty|empty|empty|empty|empty|Živý|empty|Skin|O tejto postave sa toho veľa nevie|empty
Lavrina-Oblag|None|Lavrina Oblag|None|None|empty|empty|empty|empty|empty|Živá|empty|Skin|O tejto postave sa toho veľa nevie|empty
Maximus-Noe-Cor|None|Maximus Noe Cor|None|None|empty|empty|empty|empty|empty|Živý|empty|Skin|O tejto postave sa toho veľa nevie|empty
Mezere_2|None|Mezere_2|None|None|empty|empty|empty|empty|empty|Živý|empty|Skin|O tejto postave sa toho veľa nevie|empty
NiaraOrcBeaty|None|NiaraOrcBeaty|None|None|empty|empty|empty|empty|empty|Živý|empty|Skin|O tejto postave sa toho veľa nevie|empty
Page-Fields|Mesto|Page Fields|None|None|empty|empty|empty|empty|empty|Živý|empty|Skin|O tejto postave sa toho veľa nevie|empty
Page-Meadow_NewOutfit|None|Page Meadow_NewOutfit|None|None|empty|empty|empty|empty|empty|Živý|empty|Skin|O tejto postave sa toho veľa nevie|empty
Quinn-Mursa-Now|None|Quinn Mursa Now|None|None|empty|empty|empty|empty|empty|Živý|empty|Skin|Polobohovia sa rodia od nepamäti, od chvíle, keď sa na svete objavili prví ľudia. No Quinn bola od začiatku iná než ostatní. Nebola oslnivo silná, neovládala žiadny zrejmý element a príroda sa k nej neskláňala s ochotou, akú poznali iní jej druhu. Jej dar nebol viditeľný na prvý pohľad – bol tichý, skrytý, takmer nepochopiteľný. Mnohí spočiatku pochybovali, či je vôbec polobohyňou. Až čas ukázal pravdu. Prežila svojich rodičov, svojich súrodencou i ich deti, prežila dokonca aj elfov, ktorí sa narodili v rovnakom období ako ona, a napriek tomu kráčala ďalej, nezmenená, neúnavná a však sama. Quinn nikdy nemala vlastné deti, nevedno prečo, a generácie potomkov sa pre ňu stali neznámi ľudia...<br><br>Quinn sa narodila ešte pred príchodom monštier, no keď sa objavili, neváhala a postavila sa im. Stala sa bojovníčkou a postupne aj legendou, počas svojho dlhého života sa stala mnohým, isté obodie dokonca aj kráľovnou. Za posledných pár desať ročí ju však poriadne nikto nevidel. Jej prítomnosť vo svete zoslabla, akoby sa rozplynula medzi príbehmi a spomienkami, no nikto skutočne neverí, že zmizla. Nemohla zomrieť. Každé zranenie prekonala, každú ranu prežila a zakaždým vstala znova aj keď ju prebodli ako upíra, aj keď padla z útesu, dokonca prežila aj pád Dolinoraju. Tak teraz všetci len čakajú, kde a kedy sa zjaví najbližšie, dokonca sa na to dá aj vsadiť.|empty
Hayden-Vainor|None|Hayden Vainor|None|None|empty|empty|empty|empty|empty|Živý|empty|Skin??|O tejto postave sa toho veľa nevie|empty
Vector-Karl|Mudrc|Vector Karl|None|None|empty|empty|empty|empty|empty|Živý|empty|Vedator|O tejto postave sa toho veľa nevie|empty
Manoforge|None|Manoforge|None|None|empty|empty|empty|empty|empty|Živý|empty|Wanderer|O tejto postave sa toho veľa nevie|empty
Frederick-Raktoskiniel|Krotiteľ|Frederick Raktoskiniel|None|None|Human|Spectral Knight |Severana|Dridras|60|Živý|empty|Spectral Knight Yellow, Lovec skupiny 715|O tejto postave sa toho veľa nevie|empty
Elwira-Raktoskiniel|None|Elwira Raktoskiniel|None|None|Human|Spectral Knight |Severana|Eirich|27|Živá|empty|Spectral soldier Yellow|O tejto postave sa toho veľa nevie|empty
Tadeaz-Aufanz|Umenie|Tadeaz Aufanz|None|None|Human|Spectral Knight |Severana|Saci|32|Živý|empty|Spectral Jester Purple, Zabávač|O tejto postave sa toho veľa nevie|empty
Mikaela-Aufanz|None|Mikaela Aufanz|None|None|Human|Spectral Knight |Severana|Liorha|30|Živá|empty|Spectral Knight Purple|O tejto postave sa toho veľa nevie|empty
Gabriel-Ferezo|Ochranca|Gabriel Ferezo|None|Blue Light Eternal|Human|Spectral Knight |Severana|Kybad|58|Živý|empty|Spectral Elder Blue,Lovec skupiny 715|O tejto postave sa toho veľa nevie|empty
Gabor-Ferezo|Mesto|Gabor Ferezo|None|None|Human|Spectral Knight |Severana|Zekkil|29|Živý|empty|Spectral Knight Blue|O tejto postave sa toho veľa nevie|empty
Majlo-Burinka|None|Majlo Burinka|None|None|Human|Spectral Knight|Pieskostan|empty|28|Živý|empty|Spectral Knight Green|O tejto postave sa toho veľa nevie|empty
Emilia-Blankit|Wanted|Emilia Blankit|None|None|Elf|Wizard|Juhiera|empty|empty|Živá|empty|Zločinec|O tejto postave sa toho veľa nevie|empty
Nathalie-Resartén|Wanted|Nathalie Resartén|None|None|empty|empty|empty|empty|empty|Živá|empty|Zlodej|O tejto postave sa toho veľa nevie|empty
Anfira-LaGleir|Umenie|Anfira La'Gleir|None|None|Elf (High)|???|???|???|Veľa|Živá|---|Card Reader, Story teller|O tejto postave sa toho veľa nevie|Anfira pozná mnoho príbehov, no jej príbeh nezná takmer nik. Čo o nej je známe je, že cestuje a za jedlo a nocľah, rozpráva príbehy. Pozná legendy, rozprávky ale príbehy bežných smrteľníkov a roľníkov. A však je aj výborný poslucháč. Anfira, vlastní jedinečné karty, ktoré dokážu predpovedať budúcnosťou. Práve tieto karty sú dôvodom, prečo je vyhľadávaná ale aj dôvodom prečo sa jej stránia.
Julianna-Cerri|Banka|Julianna Cerri|None|None|empty|empty|empty|empty|empty|Živá|empty|empty|O tejto postave sa toho veľa nevie|empty
Grong-Krz|Fakulty/------|Grong Krz  |None|None|empty|empty|empty|empty|empty|empty|empty|empty|O tejto postave sa toho veľa nevie|empty
Kiera-Lulaba|Remeslo|Kiera Lulaba|None|None|Gnome|???|Jazierchat|Hozrir  |???|Živá|empty|Predajca Drobných Magických Predmetov|Kiera Lulaba je gnómka, predajkyňa a tvorkyňa malých magických predmetov, pri ktorých sa často ukáže, že veľkosť nemá nič spoločné s účinkom. Je známa precíznosťou, trpezlivosťou a neustálou snahou zlepšiť aj veci, ktoré už podľa iných fungujú dosť dobre. <br><br> Venuje sa najmä výrobe okuliarov, šperkov a drobných magických pomôcok, ktoré sa zmestia do vrecka, no v správnej chvíli dokážu spôsobiť divy. Trochu sa vyzná aj v elixíroch, hoci tie nie sú jej hlavnou vášňou. Ak nestojí pri pulte, pravdepodobne je pod ním, rozoberá nejaký predmet, nastavuje súčiastku alebo skúša, či by sa z neho nedalo dostať ešte o trochu viac. <br><br> Jej najvzácnejším kúskom sú okuliare, ktoré sama nosí. Ukazujú mágiu na mimoriadne citlivej úrovni a v rukách šikovného pozorovateľa dokážu odhaliť aj tvory či stopy, ktoré mágia skrýva pred bežným okom. Kiera Lulaba je dôkazom, že aj najmenší predmet môže byť zázrak — ak ho vyrobí dosť šikovná gnómka. |empty
Dribly-Kolarik|Remeslo|Dribly Kolarik|None|None|Human/Gnome|???|Jazierchat|Geles|???|Živý|Gentleman|Predajca Magických Predmetov|Dribly Kolarik je majiteľ a predajca vychýreného obchodu s magickými predmetmi v Jazierchate. Jeho podnik stojí neďaleko brán akadémie, zhruba na polceste k teleportačnej centrále, takže sa pri ňom zastavujú študenti, lovci, učenci aj ľudia, ktorí tvrdia, že „sa len pozerajú“. <br><br> Dribly má, čo bytosť potrebuje, a často aj to, čo ešte netuší, že chce. Ak niečo práve nemá na sklade, vie to zohnať — cez kontakty, dlhy, dohody alebo zvláštne cesty, na ktoré je lepšie sa príliš nepýtať. Je obchodníkom telom, srdcom aj dušou. <br><br> Jeho ceny sú vraj fixné. Dribly to povie s úsmevom, ktorý naznačuje, že fixné neznamená nepohnuteľné. Vo svete mágie sa totiž dá pohnúť takmer všetkým — niekedy slovom, niekedy protislužbou a niekedy predmetom, ktorý má hodnotu až v správnych rukách. Niekedy je to len týmm aký ste človek. Lebo práve človek tu nakúpi najlepšie.|empty
Majster-Kalagar-Červený|Mudrc|Majster Kalagar Červený|None|None|empty|empty|empty|empty|empty|empty|empty|empty|O tejto postave sa toho veľa nevie|empty
Malibuk|Liecenie|Malibuk|None|None|empty|empty|empty|empty|empty|empty|empty|empty|O tejto postave sa toho veľa nevie|empty
Danril-Kvask|Remeslo|Danril Kvask|None|None|empty|empty|empty|empty|empty|empty|empty|empty|O tejto postave sa toho veľa nevie|empty
Helena-Kold|empty|Helena Kold|None|None|Human|Fighter|Severana|Rarex|31|Živý|---|~|O tejto postave sa toho veľa nevie|Staršia sestra Dariny Kold, nikdy nemala záujem o lovenie ale len o dobrodružstvo a tak cestuje svetom, niekedy sama, niekedy so skupinou. Rad sa živý prácou v meste, raz ako lovec odmien. Jej povaha je viac nepredvídateľná než tá jej sestry.
Menea-Nor'Niala|Remeslo|Menea Nor'Niala|None|None|empty|empty|empty|empty|empty|Živý|empty|Assassin|O tejto postave sa toho veľa nevie|empty
Czezmer-Kravke|None|Czezmer Kravke|None|None|Human|??|Future|Chronovant|35|Živý|empty|empty|O tejto postave sa toho veľa nevie|Cestoval v čase, nechcený.
Clebort-Ronatus|Ochranca|Clebort Ronatus|None|None|empty|empty|empty|empty|empty|Živý|empty|Cleric Knight|O tejto postave sa toho veľa nevie|empty
Urganginos|None|Urganginos|None|None|empty|empty|empty|empty|empty|Živý|empty|Cultist|O tejto postave sa toho veľa nevie|empty
Draxlia-Austiefental|Popravca|Draxlia Aus Tiefental|None|None|Human|Fighter|Severana|Kybad|24|Živá|---|Diplomat/Head-hunter|O tejto postave sa toho veľa nevie|Rod VonHohenberg má zlú reputáciu vo svete ale rod AusTiefental má voči nemu intenzívnu nenávisť a tá sa najviac prejavuje u Draxlie. Netají sa tým a pri každej možnosti spomie ako jej rod padol a stratil hodnotu len kvôli VonBergovcom. Okrem toho je však veľmi schopná diplomatka a čo je horšie aj bojovník, takže ak neloví prímerie loví hlavy a niekedy sa tieto dve množiny môžu aj pretínať.
Milena-Kladivova|Bohovia|Milena Kladivova|None|None|empty|empty|empty|empty|empty|Živý|empty|Dobrodruh|O tejto postave sa toho veľa nevie|empty
Dorian-Kold|empty|Dorian Kold|None|None|Human|Rogue|Severana|Kybad|29|Živý|---|empty|O tejto postave sa toho veľa nevie|Samozvaný ochranca práva alebo narušiteľ poriadku, oba opisy vystihujú polnočný tieň. Ten tieto dni hlavne riadi na Sostrove, inak o ňom nie je veľa známe.
Bernard-Kováčik_0|None|Bernard Kováčik_0|None|None|empty|empty|empty|empty|empty|Živý|empty|empty|O tejto postave sa toho veľa nevie|empty
Cialare-Lor’niala|None|Cialare Lor’niala|None|None|empty|empty|empty|empty|empty|Živý|empty|empty|O tejto postave sa toho veľa nevie|empty
Kaelys-Mezere|None|Kaelys Mezere|None|None|empty|empty|empty|empty|empty|Živý|empty|empty|O tejto postave sa toho veľa nevie|Kaelys zvaná Zelený Tŕň vyrastala v druidskej komunite po tom, čo jej otec bez vôle odišiel do rieky a už sa nevrátil. Príroda sa pre ňu stala rodinou aj zbraňou. Je divoká, výbušná a často viac nahnevaná než opatrná, no jej hnev má smer. Viničom, jedom a koreňmi trestá skazených ľudí, ktorí podľa nej ničia svet zvnútra. Verí, že Mezere možno poraziť len tým, že vznikne niečo, čo nedokáže rozložiť.
Lazarin-Mezere|None|Lazarin Mezere|None|None|empty|empty|empty|empty|empty|Živý|empty|empty|O tejto postave sa toho veľa nevie|Lazarin, zvaný Bledý Strážca, bol vychovaný ako šľachtic a ochranca, bez toho, aby poznal pravdu o svojej krvi. Keď zistil, že je synom Mezere, jeho viera sa zlomila, no zmysel pre spravodlivosť nezmizol. Dnes stojí medzi Brood a svetom ako tichý štít, chladný a dôstojný, no vnútri plný pochybností. Možno stále verí, že jeho matka môže byť vykúpená. Alebo sa bojí, že jedného dňa sám pôjde za ňou.
Nyxira-Mezere|None|Nyxira Mezere|None|None|empty|empty|empty|empty|empty|Živý|empty|empty|O tejto postave sa toho veľa nevie|Nyxira, zvaná Tŕnistá Fialka, je čepeľ Hollow Brood. Vyrastala pri otcovi, ktorému Mezere vzala vôľu, až kým sa z neho nestal prázdny tieň človeka. Odvtedy sa Nyxira naučila neusmievať, nezaváhať a nezľutovať sa. Sleduje stopy matkinej mágie a zabíja tých, ktorí podľa nej už nesú jej nákazu. Je presná, chladná a desivo trpezlivá.
Rebeka-Kajna_Vamp|None|Rebeka Kajna|Len pár kvapiek… Na chuť a sladkú noc.|None|Elf|Vampire|Juhiera|???|???|Živá|Žiloknieža|empty|Tento upír zaútočil na Page Meadow neskoro večer v archíve. Valiana vysvetlila bole ale na blízku a záchránila Page živo. Rebaka je totiž stará mama Valiana a aktuálne je lovená Vladislavom, ktorý rýchlo page prezrel a úpíra ďalej následoval do temných uličiek archívu.  |empty
Seravin-Gokolova|None|Seravin Gokolova|None|None|empty|empty|empty|empty|empty|Živý|empty|empty|O tejto postave sa toho veľa nevie|empty
Serelith-Mezere|None|Serelith Mezere|None|None|empty|empty|empty|empty|empty|Živý|empty|empty|O tejto postave sa toho veľa nevie|Serelith je vodkyňa Hollow Brood a najbližšie k tomu, čo skupina má ako svedomie. Neverí, že Mezere je len žena — vidí ju ako silu rozkladu, ktorá pomaly požiera nádej v ľuďoch. Serelith komunikuje s mŕtvymi a s prázdnymi zvyškami obetí, ktorým bola vzatá vôľa. Pôsobí pokojne a elegantne, no jej pokoj je popraskaný smútkom. Nevedie skupinu hnevom, ale nutnosťou zastaviť matku skôr, než zlomí ďalších.
Ťurkup-Kopor|None|Ťurkup Kopor|None|None|empty|empty|empty|empty|empty|Živý|empty|empty|O tejto postave sa toho veľa nevie|empty
Ugo-Musstank|None|Ugo Musstank|None|Ugo Musstank, the Green Rebirt|empty|empty|empty|empty|empty|Živý|empty|empty|O tejto postave sa toho veľa nevie|empty
Veilner-Vilion-El'Nari|Umenie|Veilner Vilion El'Nari|None|None|empty|empty|empty|empty|empty|Živý|empty|empty|O tejto postave sa toho veľa nevie|empty
Veyrion-Mezere|None|Veyrion Mezere|None|None|empty|empty|empty|empty|empty|Živý|empty|empty|O tejto postave sa toho veľa nevie|Veyrion, zvaný Palefire, je najnebezpečnejší z detí Mezere práve preto, že ju nechce iba zabiť. Chce jej rozumieť, napodobniť ju a možno jedného dňa zaujať jej miesto. Je očarujúci, teatrálny a nevyspytateľný, vždy s úsmevom niekoho, kto už pozná koniec rozhovoru. Tvrdí, že svoju matku nenávidí, no v snoch ju stále počúva a jej hlas v ňom zapaľuje bledý oheň ambície.
Waab|Absorber|Waab|None|None|empty|empty|empty|empty|empty|Živý|empty|empty|O tejto postave sa toho veľa nevie|empty
Wakro|Krotiteľ|Wakro|None|None|empty|empty|empty|empty|empty|Živý|empty|empty|O tejto postave sa toho veľa nevie|empty
Waoch|Ochranca|Waoch|None|None|empty|empty|empty|empty|empty|Živý|empty|empty|O tejto postave sa toho veľa nevie|empty
Wapo|Popravca|Wapo|None|None|empty|empty|empty|empty|empty|Živý|empty|empty|O tejto postave sa toho veľa nevie|empty
Wazn|Znalec|Wazn|None|None|empty|empty|empty|empty|empty|Živý|empty|empty|O tejto postave sa toho veľa nevie|empty
Zitha-Riebus|None|Zitha Riebus|None|None|empty|empty|empty|empty|empty|Živý|empty|empty|O tejto postave sa toho veľa nevie|empty
Jeliena-Kajna|Bohovia|Jeliena_Kajna|None|empty|empty|empty|empty|empty|empty|empty|empty|empty|O tejto postave sa toho veľa nevie|empty
Jeliena-Kajna_NewAttire|Empty|Jeliena Kajna_NewAttire|None|empty|empty|empty|empty|empty|empty|empty|empty|empty|O tejto postave sa toho veľa nevie|empty
Aralia-Al'Nari|Empty|Aralia Al'Nari|None|empty|empty|empty|empty|empty|empty|empty|empty|empty|O tejto postave sa toho veľa nevie|empty
Oatis-Field|Remeslo|Oatis Field|None|None|empty|empty|empty|empty|empty|Živý|empty|Farmar|O tejto postave sa toho veľa nevie|empty
Peater-Fields|Remeslo|Peater Fields|None|None|empty|empty|empty|empty|empty|Živý|empty|Farmár|O tejto postave sa toho veľa nevie|empty
Cronika-Fields|Znalec|Cronika Fields|None|None|empty|empty|empty|empty|empty|Živý|Jäger?|Farmarka, Lovec skupiny 595|O tejto postave sa toho veľa nevie|empty
Jeniva-Rakh`Vezhof|None|Jeniva Rakh`Vezhof|None|None|empty|empty|empty|empty|empty|Živý|empty|Headhunter|O tejto postave sa toho veľa nevie|empty
Bonifac-Mikleš|Bohovia|Bonifac Mikleš|None|None|empty|empty|empty|empty|empty|Živý|empty|High Priest|O tejto postave sa toho veľa nevie|empty
Markus-Renta|None|Markus Renta|None|None|empty|empty|empty|empty|empty|Živý|empty|High Priest|O tejto postave sa toho veľa nevie|empty
Edimia-Gygar|Bohovia|Edimia Gygar|None|None|empty|empty|empty|empty|empty|Živý|empty|High Priestess|O tejto postave sa toho veľa nevie|empty
Eleanor-Augeht|Bohovia|Eleanor Augeht|None|None|empty|empty|empty|empty|empty|Živý|empty|High Priestess|O tejto postave sa toho veľa nevie|empty
Pavria-Rhei'aou|Bohovia|Pavria Rhei'aou|None|None|empty|empty|empty|empty|empty|Živý|empty|High Priestess|O tejto postave sa toho veľa nevie|empty
Orgar-Brakfi|None|Orgar Brakfi|None|None|empty|empty|empty|empty|empty|Živý|empty|Chieftan Gramište|O tejto postave sa toho veľa nevie|empty
Dancia-DeRueox|Mesto|Dancia DeRueox|None|Blue Steel Fury (Dancia DeRuox)|empty|empty|empty|empty|empty|Živý|empty|Kings Guard|O tejto postave sa toho veľa nevie|empty
Dal'v-Sepet|Mesto|Dal'v Sepet|None|None|Elf|Vampire|Tmavohmla|||Živý|Kráľ/Krvokráľ|Kráľ Tmavohmly a okolia|O tejto postave sa toho veľa nevie|Description
Katharina-Popelova|Bohovia|Katharina Popelova|None|None|Human|empty|empty|empty|33|Živá|empty|Križiak Kňažka|O tejto postave sa toho veľa nevie|empty
Cecilia-Kotlova|Bohovia|Cecilia Kotlova|None|None|Human|empty|empty|empty|29|Živá|empty|Križiak Kňažka|O tejto postave sa toho veľa nevie|empty
Nasťa-Oblag|Remeslo|Nasťa Oblag|None|None|Human|empty|empty|empty|48|Živá|empty|Magazine Owner|O tejto postave sa toho veľa nevie|empty
Aldric-Cogren-Estavar|Mesto|Aldric-Cogren-Estavar|None|Brass and Shadows_ Noir|Human|Artificier|Granulia|Liorha|39|Živý|empty|Inšpektor|O tejto postave sa toho veľa nevie|None
Romulo-Neo|None|Romulo-Neo|None|None|Human|Artificier|Granulia|None|None|None|None|None|O tejto postave sa toho veľa nevie|None
Dajana_Abrea_00|Lesy|Dajana Abrea|None|None|Genasi|Fighter|???|Vacan|???|Živá|None|None|Dajana Abrea žije v lesoch, hoci sa v nich nenarodila. Nenašla tam slávu ani bohatstvo, ale útočisko, miesto, kde mohla zmiznúť z ciest, miest a očí ľudí, ktorí od nej niečo čakali. Les ju neprijal jemne, no naučil ju prežiť. <br><br> Nie je klasická lovkyňa príšer ani lovkyňa odmien. Loví v malom, potichu ale presne. Bola trénovaná ako stráž než lovec monštier, no život medzi stromami jej dal vlastnú školu: čítať stopy, počúvať ticho, strieľať skôr, než sa hrozba priblíži. <br><br> Dajana pôsobí pokojne, no nie nevinne. S lukom v rukách a lesom za chrbtom je bytosťou, ktorú si nepriateľ často všimne až vtedy, keď je neskoro. Nie je legenda z hál akadémie lovcov, je tieň medzi stromami, ktorý drží svoje územie. |O tejto postave sa toho veľa nevie
Seliena_Selphis|Kult|Seliena Selphis|None|None|Yuan-ti|Druid|???|???|???|Živá|None|None|Seliena Selphis je kultistka, ktorá vyznáva príšery a obzvlášť hady. Nie je to len obdiv, jej vlastná krv je s nimi spojená. <br><br> O Seliene sa vie málo. Je nebezpečná, tichá a príliš oddaná veciam, ktorým by sa rozumný človek radšej vyhol. A možno práve to stačí vedieť. |O tejto postave sa toho veľa nevie
Friedrich Von Hohenberg|Znalec|Friedrich Von Hohenberg|None|None|Human|Wizard/Blood Hunter|Jazierchat|Davian|32|Mŕtvy|Hed|Lovec Skupina 595|Friedrich Von Hohenberg patril k najbohatším členom svojho rodu. Mnohí verili, že práve on môže dosiahnuť viac než jeho predkovia. Finančne sa mu to skutočne podarilo — mal talent, majetok a prístup k mágii, o akom mohli iní lovci iba snívať. Friedrich bol zvláštnou kombináciou lovca a mága. Spájal schopnosti Blood Huntera s učenosťou Wizarda a svoju výbavu dopĺňal množstvom magických predmetov. Tam, kde iní dôverovali svalom alebo oceľovej zbrani, Friedrich veril mágii, príprave a správnemu nástroju na správny problém. <br><br> Práve táto závislosť od mágie sa mu stala osudnou. Počas jedného lovu sa dostal do antimagickej zóny, kde veľká časť jeho schopností aj výbavy stratila význam. Friedrich tam zahynul, ďaleko od veľkých očakávaní, ktoré doňho rod vkladal. <br><br> Po jeho smrti zostalo množstvo magických predmetov, prototypov a vzácností vytvorených alebo zakúpených vďaka jeho talentu a bohatstvu. Rovnako ako väčšina jeho majetku sa však časom roztrúsili po svete. <br><br> Dodnes sa preto občas objaví predmet s menom Friedricha Von Hohenberga, pripomienka muža, ktorý nahromadil veľké bohatstvo a moc, no zomrel na mieste, kde mu ani jedno nedokázalo pomôcť. |Friedrich Von Hohenberg patril k najbohatším členom svojho rodu. Mnohí verili, že práve on môže dosiahnuť viac než jeho predkovia. Finančne sa mu to skutočne podarilo — mal talent, majetok a prístup k mágii, o akom mohli iní lovci iba snívať. Friedrich bol zvláštnou kombináciou lovca a mága. Spájal schopnosti Blood Huntera s učenosťou Wizarda a svoju výbavu dopĺňal množstvom magických predmetov. Tam, kde iní dôverovali svalom alebo oceľovej zbrani, Friedrich veril mágii, príprave a správnemu nástroju na správny problém. <br><br> Práve táto závislosť od mágie sa mu stala osudnou. Počas jedného lovu sa dostal do antimagickej zóny, kde veľká časť jeho schopností aj výbavy stratila význam. Friedrich tam zahynul, ďaleko od veľkých očakávaní, ktoré doňho rod vkladal. <br><br> Po jeho smrti zostalo množstvo magických predmetov, prototypov a vzácností vytvorených alebo zakúpených vďaka jeho talentu a bohatstvu. Rovnako ako väčšina jeho majetku sa však časom roztrúsili po svete. <br><br> Dodnes sa preto občas objaví predmet s menom Friedricha Von Hohenberga, pripomienka muža, ktorý nahromadil veľké bohatstvo a moc, no zomrel na mieste, kde mu ani jedno nedokázalo pomôcť. 
Aaron Von Hohenberg|Absorber|Aaron Von Hohenberg|None|None|Human|Fighter|Jazierchat|Drercur|30|Mŕtvy|Hed|Lovec Skupina 615|Aaron Von Hohenberg stál medzi dvoma úplne odlišnými pohľadmi na mágiu. Bol synom Friedricha, ktorý na nej postavil takmer celý svoj bojový štýl, a otcom Gregora, ktorý ju neskôr otvorene zavrhol. Aaron však veril, že pravda je niekde medzi tým. Ako Eldritch Knight videl v mágii obrovský potenciál, no nechcel zopakovať chybu svojho otca. Kúzla preto používal najmä na podporu vlastného tela, výdrže a bojových schopností. Posilňoval sa, chránil pred živlami a vytváral magické štíty, ale nikdy nechcel byť človekom, ktorý bez mágie nevie bojovať. <br><br> Dlho sa zdalo, že našiel správnu rovnováhu. Bol schopný bojovník, ktorý vedel spojiť oceľ a kúzla bez toho, aby sa stal závislým od jedného či druhého. Ani to ho však nezachránilo. <br><br> Aaron padol pri magickej explózii, ktorej tlaku nedokázala odolať ani jeho posilnená zbroj. Krátko nato už jeho syn Gregor stál v rade na akadémiu s nenávisťou v očiach a úplným opovrhnutím voči mágii. <br><br> Aaron Von Hohenberg tak zostal v rodovej histórii ako muž, ktorý sa snažil medzi oceľou a mágiou nájsť rovnováhu. Jeho smrť však presvedčila ďalšiu generáciu, že možno žiadna rovnováha neexistuje. |Aaron Von Hohenberg stál medzi dvoma úplne odlišnými pohľadmi na mágiu. Bol synom Friedricha, ktorý na nej postavil takmer celý svoj bojový štýl, a otcom Gregora, ktorý ju neskôr otvorene zavrhol. Aaron však veril, že pravda je niekde medzi tým. Ako Eldritch Knight videl v mágii obrovský potenciál, no nechcel zopakovať chybu svojho otca. Kúzla preto používal najmä na podporu vlastného tela, výdrže a bojových schopností. Posilňoval sa, chránil pred živlami a vytváral magické štíty, ale nikdy nechcel byť človekom, ktorý bez mágie nevie bojovať. <br><br> Dlho sa zdalo, že našiel správnu rovnováhu. Bol schopný bojovník, ktorý vedel spojiť oceľ a kúzla bez toho, aby sa stal závislým od jedného či druhého. Ani to ho však nezachránilo. <br><br> Aaron padol pri magickej explózii, ktorej tlaku nedokázala odolať ani jeho posilnená zbroj. Krátko nato už jeho syn Gregor stál v rade na akadémiu s nenávisťou v očiach a úplným opovrhnutím voči mágii. <br><br> Aaron Von Hohenberg tak zostal v rodovej histórii ako muž, ktorý sa snažil medzi oceľou a mágiou nájsť rovnováhu. Jeho smrť však presvedčila ďalšiu generáciu, že možno žiadna rovnováha neexistuje. 
Gregor-VonHohenberg|Popravca|Gregor Von Hohenberg Kat|None|The Weight of the Name|Human|Barbarian|Jazierchat|Kybad|48|Mŕtvy|Jäger|Lovec Skupina 645|Gregor Von Hohenberg, prezývaný Kat, patril k fakulte Popravcov a bol jedným z najúspešnejších členov svojho prekliateho rodu. Bol pra-prastarým otcom Luciusa a pra-pra-prastarým otcom Teodora Von Hohenberga, ktorý neskôr kráčal podobnou cestou. Zo všetkých Von Hohenbergov sa Gregor dostal najďalej v rodovom cieli, očistiť meno rodiny, a zároveň dosiahol najvyššie uznanie akadémie svojej doby. <br><br> Bol dostatočne nebezpečný, aby získal prezývku Kat, a dostatočne schopný, aby sa stal Jägerom. Napriek tomu mu spoločnosť nikdy úplne neodpustila jeho meno. Pre mnohých zostal len Von Hohenbergom, mužom z rodu s poškvrnenou povesťou, ktorý síce zabíja monštrá, ale vraj nepatrí medzi skutočnú elitu. <br><br> Jeho život sťažovalo aj to, že bol čistý barbar v období, keď sa na barbarov na akadémii nepozeralo s veľkou úctou. Kým iní videli silu ako niečo ušľachtilé, pri ňom ju často považovali za hrubosť. Gregor však nikdy neustupoval. Bolo to rodové dedičstvo aj jeho najväčšia slabina. <br><br> Ako jeden z mála mužov svojho rodu sa dožil narodenia vlastného vnúčaťa, no nikdy nedostal príležitosť sa s ním porozprávať. Aby Gregor získal meno a pevné postavenie aspoň pre svojho vnuka, rozhodol sa spraviť to najťažšie, vyrazil na lov sám. Chcel dokázať, že Von Hohenbergovia sú lepší, schopný a zaslúžia si rešpekt. Príšeru nakoniec aj zničil, no zaplatil za to všetkým. V boji sa rozbila aj rodová zbraň, meč Von Hohenbergov, ktorý zostal poškodený dodnes. Gregor po víťazstve nežil dlho. Bol sám, ďaleko, ťažko zranený a bez liečiteľa, ktorý by ho dokázal zachrániť. Zostal po ňom titul, prezývka Kat, rozbitý meč a otázka, či aj najlepší z Von Hohenbergov môže niekedy stačiť na očistenie mena rodu.|Gregor Von Hohenberg, prezývaný Kat, patril k fakulte Popravcov a bol jedným z najúspešnejších členov svojho prekliateho rodu. Bol pra-prastarým otcom Luciusa a pra-pra-prastarým otcom Teodora Von Hohenberga, ktorý neskôr kráčal podobnou cestou. Zo všetkých Von Hohenbergov sa Gregor dostal najďalej v rodovom cieli, očistiť meno rodiny, a zároveň dosiahol najvyššie uznanie akadémie svojej doby. <br><br> Bol dostatočne nebezpečný, aby získal prezývku Kat, a dostatočne schopný, aby sa stal Jägerom. Napriek tomu mu spoločnosť nikdy úplne neodpustila jeho meno. Pre mnohých zostal len Von Hohenbergom, mužom z rodu s poškvrnenou povesťou, ktorý síce zabíja monštrá, ale vraj nepatrí medzi skutočnú elitu. <br><br> Jeho život sťažovalo aj to, že bol čistý barbar v období, keď sa na barbarov na akadémii nepozeralo s veľkou úctou. Kým iní videli silu ako niečo ušľachtilé, pri ňom ju často považovali za hrubosť. Gregor však nikdy neustupoval. Bolo to rodové dedičstvo aj jeho najväčšia slabina. <br><br> Ako jeden z mála mužov svojho rodu sa dožil narodenia vlastného vnúčaťa, no nikdy nedostal príležitosť sa s ním porozprávať. Aby Gregor získal meno a pevné postavenie aspoň pre svojho vnuka, rozhodol sa spraviť to najťažšie, vyrazil na lov sám. Chcel dokázať, že Von Hohenbergovia sú lepší, schopný a zaslúžia si rešpekt. Príšeru nakoniec aj zničil, no zaplatil za to všetkým. V boji sa rozbila aj rodová zbraň, meč Von Hohenbergov, ktorý zostal poškodený dodnes. Gregor po víťazstve nežil dlho. Bol sám, ďaleko, ťažko zranený a bez liečiteľa, ktorý by ho dokázal zachrániť. Zostal po ňom titul, prezývka Kat, rozbitý meč a otázka, či aj najlepší z Von Hohenbergov môže niekedy stačiť na očistenie mena rodu.
Alaric Von Hohenberg|Krotiteľ|Alaric Von Hohenberg |None|None|Human|Figher|empty|Odizan|33|Mŕtvy|Hed|Lovec Skupina 675|Alaric Von Hohenberg bol Krotiteľ, ktorý sa od mnohých členov svojho rodu líšil už na prvý pohľad. Bol šarmantný, komunikatívny a vedel hrať na lutnu tak dobre, že by sa za to nemusel hanbiť nejeden bard. Napriek tomu nebol umelec schovaný za ostatnými. Keď prišiel boj, Alaric stál v prvých líniách a kontroloval situáciu priamo odtiaľ. Ľudia ho mali radi ako Alarica. Horšie to bolo s menom Von Hohenberg. Nech bol akokoľvek schopný, príjemný alebo užitočný, rodová povesť kráčala vždy pred ním. Alaric tak celý život niesol zvláštny rozpor — ako človek bol obľúbený, ako dedič mena podozrivý. <br><br> Na akadémiu nastúpil spolu so svojím mladším bratom, práve v čase, keď sa narodil Lucius. Bratom sa istý čas darilo a zdalo sa, že by ich generácia mohla aspoň trochu zmeniť pohľad na rod. Potom však prišiel boj, v ktorom Ochranca nezvládol zachrániť ani seba samého. <br><br> Smrť mladšieho brata Alarica zlomila. Muž, ktorý dovtedy vedel boj ovládať, stratil rozvahu a vrhol sa dopredu bez premyslenia. Padol po boku svojho brata, nie ako chladný taktik, ale ako súrodenec, ktorý v tej chvíli nedokázal zostať stáť vzadu. <br><br> Po Alaricovi zostala spomienka na muža, ktorého ľudia chceli mať radi, aj keď sa báli jeho mena. Bol dôkazom, že aj medzi Von Hohenbergmi mohlo byť teplo, úsmev a hudba — len svet im málokedy dovolil prežiť dosť dlho, aby to niečo zmenilo. |Alaric Von Hohenberg bol Krotiteľ, ktorý sa od mnohých členov svojho rodu líšil už na prvý pohľad. Bol šarmantný, komunikatívny a vedel hrať na lutnu tak dobre, že by sa za to nemusel hanbiť nejeden bard. Napriek tomu nebol umelec schovaný za ostatnými. Keď prišiel boj, Alaric stál v prvých líniách a kontroloval situáciu priamo odtiaľ. Ľudia ho mali radi ako Alarica. Horšie to bolo s menom Von Hohenberg. Nech bol akokoľvek schopný, príjemný alebo užitočný, rodová povesť kráčala vždy pred ním. Alaric tak celý život niesol zvláštny rozpor — ako človek bol obľúbený, ako dedič mena podozrivý. <br><br> Na akadémiu nastúpil spolu so svojím mladším bratom, práve v čase, keď sa narodil Lucius. Bratom sa istý čas darilo a zdalo sa, že by ich generácia mohla aspoň trochu zmeniť pohľad na rod. Potom však prišiel boj, v ktorom Ochranca nezvládol zachrániť ani seba samého. <br><br> Smrť mladšieho brata Alarica zlomila. Muž, ktorý dovtedy vedel boj ovládať, stratil rozvahu a vrhol sa dopredu bez premyslenia. Padol po boku svojho brata, nie ako chladný taktik, ale ako súrodenec, ktorý v tej chvíli nedokázal zostať stáť vzadu. <br><br> Po Alaricovi zostala spomienka na muža, ktorého ľudia chceli mať radi, aj keď sa báli jeho mena. Bol dôkazom, že aj medzi Von Hohenbergmi mohlo byť teplo, úsmev a hudba — len svet im málokedy dovolil prežiť dosť dlho, aby to niečo zmenilo. 
Otto Von Hohenber|Ochranca|Otto Von Hohenber |None|None|Human|Figher|empty|Eirich|31|Mŕtvy|Hed|Lovec Skupina 675|Otto Von Hohenberg bol Ochranca, ktorý nikdy nemal vlastného potomka nesúceho jeho meno. Na akadémiu odišiel s vedomím, že rod už má nástupcu, a preto mohol svoj život vložiť do služby bez toho, aby sa stále obzeral späť. <br><br> Na rozdiel od ochrancov, ktorí stáli na liečení alebo svätej mágii, Otto chránil telom. Bol pevný, kontaktný a neústupný. Vedel vydržať údery, ktoré by iných zložili, a v boji mal zvláštny talent pritiahnuť všetku pozornosť na seba. Nepriatelia sa naňho vrhali, pretože im nedovolil ignorovať ho. <br><br> Práve táto schopnosť sa mu stala osudnou. V jednom boji sa dostal príliš dopredu, držal na sebe priveľa nepriateľov a monštier bolo viac, než tím očakával. Chyba v odhade ich Znalca zmenila boj na pascu, z ktorej Otto už nevyšiel. <br><br> Otto mal Luciusa rád, akoby bol jeho vlastný syn. Alaric bol Luciusovým otcom, no rodičovstvo si nestihol vychutnať, pretože obaja bratia padli, keď mal Lucius len dva či tri roky. Po Ottovi tak nezostalo meno odovzdané ďalšej generácii, ale zostala spomienka na muža, ktorý chránil tak tvrdo, až nakoniec nemal kto ochrániť jeho. |Otto Von Hohenberg bol Ochranca, ktorý nikdy nemal vlastného potomka nesúceho jeho meno. Aspoň nie podľa toho, čo vedel. Niekde mimo Jazierchate po ňom zostalo dieťa, o ktorého existencii sa nikdy nedozvedel. Na akadémiu odišiel s vedomím, že rod už má nástupcu, a preto mohol svoj život vložiť do služby bez toho, aby sa stále obzeral späť. <br><br> Na rozdiel od ochrancov, ktorí stáli na liečení alebo svätej mágii, Otto chránil telom. Bol pevný, kontaktný a neústupný. Vedel vydržať údery, ktoré by iných zložili, a v boji mal zvláštny talent pritiahnuť všetku pozornosť na seba. Nepriatelia sa naňho vrhali, pretože im nedovolil ignorovať ho. <br><br> Práve táto schopnosť sa mu stala osudnou. V jednom boji sa dostal príliš dopredu, držal na sebe priveľa nepriateľov a monštier bolo viac, než tím očakával. Chyba v odhade ich Znalca zmenila boj na pascu, z ktorej Otto už nevyšiel. <br><br> Otto mal Luciusa rád, akoby bol jeho vlastný syn. Alaric bol Luciusovým otcom, no rodičovstvo si nestihol vychutnať, pretože obaja bratia padli, keď mal Lucius len dva či tri roky. Po Ottovi tak nezostalo meno odovzdané ďalšej generácii, ale zostala spomienka na muža, ktorý chránil tak tvrdo, až nakoniec nemal kto ochrániť jeho. 
Astrid-VonHohenber|Mesto|Astrid Von Hohenber (ord. Veyl)|None|None|Human|empty|empty|Errasa|23|Živá|empty|Manželka|Astrid Von Hohenberg nepôsobí ako typický člen svojho rodu. Nie je lovkyňa v prvej línii ani mocná čarodejka. Pracuje ako pôrodná asistentka a pomáha v liečiteľskom dome s tým, čo treba spraviť rukami — čistiť rany, zašívať, obväzovať a riešiť bežné bolesti, pri ktorých nestačí len čakať na mágiu. <br><br> Mágia jej nikdy nešla správne. Kliatbu, slepotu ani vážnu chorobu nezlomí kúzlom, no vie byť pri človeku vtedy, keď je vystrašený, zahanbený alebo nevie, čo povedať. Astrid je zhovorčivá, milá a prirodzene dôverčivá osoba, ktorá dokáže aj s cudzincom nadviazať kontakt tak, aby zistila, čo ho naozaj trápi. <br><br> Prvé dieťa mala už v sedemnástich, a preto dobre chápe, aké je to byť odkázaný na pomoc druhých. Možno práve preto sa rozhodla byť tou, ktorá pomoc podá ďalej. Astrid Von Hohenberg nezachraňuje ľudí veľkými kúzlami, ale prítomnosťou, trpezlivosťou a rukami, ktoré vedia podržať, keď je to najviac treba. |
Seressa-Veyl|Remeslo|Seressa Veyl|None|None|Human|empty|empty|Odizan|27|Živá|empty|Shop Owner|Seressa Veyl je majiteľka exkluzívneho obchodu ´Mokrý sen', podniku so šteklivým tovarom pre odvážnych dospelých. Obchod zdedila, no nezostala len pri tom, čo fungovalo pred ňou. Posunula ho na vyššiu úroveň, rozšírila ponuku a z miesta pre zvedavcov vytvorila podnik, kam si cestu nachádza aj šľachta hľadajúca extravagantnejšie potešenie. Aj keď pravidlá má prísne a najväčšie je, po uzávierke, žiadny zákazníci! <br><br> Seressa má množstvo známych, hoci väčšina z nich sa k návštevám jej obchodu na verejnosti neprizná. Ona to veľmi dobre chápe a práve diskrétnosť je jedným z dôvodov, prečo jej ľudia dôverujú. Vie mlčať, poradiť a zariadiť veci tak, aby sa zákazník cítil bezpečne, vypočutý a neodsúdený. <br><br> Hoci širšia verejnosť sa na podobný obchod stále pozerá cez prsty, 'Mokrý sen' si získal zvláštny rešpekt. Nie pre okázalosť, ale pre kvalitu, diskrétnosť a Seressinu úprimnú ochotu pomôcť každému nájsť presne taký zážitok, pre ktorý sa odvážil vojsť dnu. |empty
Cugara|Lesy|Cugara|None|None|Human|Barbarian|None|None|None|Živá|None|None|O tejto postave sa toho veľa nevie|O tejto postave sa toho veľa nevie
Dazišh-Elphis|Akademia|Dazišh-Elphis|None|None|Yuan-ti|Cleric|None|None|None|Živá|None|None|O tejto postave sa toho veľa nevie|O tejto postave sa toho veľa nevie
Erie-Elphis|Akademia|Erie-Elphis|None|None|Half-Elf|Sorcerer|None|None|None|Živá|None|None|O tejto postave sa toho veľa nevie|O tejto postave sa toho veľa nevie
Neria Ol'Gadu|Akademia|Neria Ol'Gadu|None|None|Elf|Ranger/Fighter|None|None|None|Živá|None|None|O tejto postave sa toho veľa nevie|O tejto postave sa toho veľa nevie
Dewila|Akademia|Dewila|None|None|Tiefling|Bard|None|None|None|Živá|None|None|O tejto postave sa toho veľa nevie|O tejto postave sa toho veľa nevie
Malie-Ryse|Akademia|Malie-Ryse|None|None|Aasimar|Fighter|None|None|None|Živá|None|None|O tejto postave sa toho veľa nevie|O tejto postave sa toho veľa nevie
Flanbok-Hnedkosrs|Akademia|Flanbok-Hnedkosrs|None|None|Harengon|Wizard|None|None|None|Živá|None|None|O tejto postave sa toho veľa nevie|O tejto postave sa toho veľa nevie
Melisa-Hor'ezes|Akademia|Melisa-Hor'ezes|None|None|Elf|Rogue|None|None|None|Živá|None|None|O tejto postave sa toho veľa nevie|O tejto postave sa toho veľa nevie
Thigera|Lesy|Thigera|None|None|Human|Barbarian|None|None|None|Živá|None|None|O tejto postave sa toho veľa nevie|O tejto postave sa toho veľa nevie
Trio|Akademia|Trio|None|None|None|None|None|None|None|Živá|None|None|O tejto postave sa toho veľa nevie|O tejto postave sa toho veľa nevie
Oiliver|Wanted|Oiliver|None|None|None|None|None|None|None|Živá|None|None|O tejto postave sa toho veľa nevie|O tejto postave sa toho veľa nevie
Oiga|Wanted|Oiga|None|None|None|None|None|None|None|Živá|None|None|O tejto postave sa toho veľa nevie|O tejto postave sa toho veľa nevie
Oiclina|Wanted|Oiclina|None|None|None|None|None|None|None|Živá|None|None|O tejto postave sa toho veľa nevie|O tejto postave sa toho veľa nevie
Gabriel-Marinovič||Gabriel Marinovič|None|None|Human|Barbarian|Tmavohmla|||Mŕtvy (???)||None|Gabriel Marinovič je považovaný za prvého lovca upírov, muža, ktorý ich odhalil v časoch, keď väčšina sveta ani netušila, že také bytosti existujú. Žil tak dávno, že jeho príbeh už patrí skôr medzi legendy než isté dejiny. Jedna verzia hovorí, že lovil z pomsty za manželku, iná za matku či dcéru. Ďalšia tvrdí, že ho upír chcel zmeniť, alebo že upírom bol jeho vlastný brat a toho musel zabiť ako prvého. Pravda sa stratila medzi rozprávaniami. <br><br> Isté je len to, že Gabriel z neznámeho dôvodu odhalil existenciu upírov a začal ich loviť. Až po jeho činoch sa začalo chápať, že upíri nie sú všetci rovnakí. Vysokí upíri začali vystupovať s titulmi a mocou. Sám Sepet sa ukázal nie ako nesmrteľný kráľ požehnaný nebom, ale ako upír, ktorý mal vlastný záujem udržať krajinu pokope. <br> Po Gabrielovi zostal rod Marinovič, línia lovcov nižších upírov, tvrdohlavých prenasledovateľov temných katakomb a občas aj bláznov, ktorí sa pokúsili uloviť alebo skrotiť vyšších upírov. Mnohí z nich zmizli na love, v ruinách alebo pod mestami, no rod bol príliš neústupný na to, aby vyhasol. Vždy sa niekde objavil ďalší lovec, ďalší Marinovič, ktorý držal nižších upírov na uzde. |O tejto postave sa toho veľa nevie
Bram-Marinovič|Žold, Wanted|Bram Marinovič|None|None|Human|Rogue|Pieskostan|||Mŕtvy (183)||None|Bram Marinovič bol pre svet rovnako prínosom ako príťažou. Keď lovil upírov, jeho znalosti boli tak presné a cenné, že ho vyhľadávali aj tí, ktorí ním opovrhovali. Keď ich nelovil, brázdil moria, vykrádal čo sa dalo a zanechával za sebou viac problémov než riešení. <br><br> Bol expertom na upírov, no zároveň mužom hľadaným pre svoje vlastné prečiny. Jeho povesť bola zvláštne pútavá, báli sa ho živí pre jeho odvahu, drzosť a zločiny, a mŕtvi pre jeho schopnosť nájsť ich aj tam, kde sa cítili bezpečne. <br><br> Bram nakoniec zmizol na mori spolu so svojou obávanou loďou. Nikto nevie, či ho pohltila búrka, upíri, kliatba alebo vlastná legenda. Lebo zhorený vraj nevypovedal žiadny príbeh, len vydal zničené telá a poklad, ktorý prežil to čo sa skutočne stalo. |O tejto postave sa toho veľa nevie
Abraham-Marinovič|Žold, Mudrc|Abraham Marinovič|None|None|Human|Artificier|Granulia|||Mŕtvy (487)|Gróf|None|Abraham Marinovič bol možno najčestnejší muž svojho rodu. Nelovil upírov tak priamo ako tí pred ním, no ich hrozbu bral rovnako vážne. Namiesto slepého prenasledovania sa sústredil na vedu, výskum a praktické poznanie. Dal svetu niekoľko elixírov, drobných vynálezov a hlavne presnejší pohľad na to, čo sa dá z tela padlého upíra využiť. <br><br> Práve Abraham podrobnejšie popísal, ako upírov spoľahlivo ničiť. Drevo do srdca funguje, a čím hrubšie, tým lepšie. Hlavu odrezná ostane bez pohybu ale keď sa vráti k telu ožije. Zároveň opravil mnohé povery. Slnko upíra spáli, ale nie okamžite. Upír dokáže prebehnúť cez ulicu aj počas dňa, no určite si nesadne na lavičku a nebude si užívať popoludnie. Cesnak je účinný keď je upír hladný a slabý, keď sa napije, zelenina ho nezastaví ale môže ho odradiť pre tú pachuť a zápach. <br><br> Bol skôr učiteľom než lovcom a zdalo sa, že chce nasledovať príklad Kalsorov, zbierať skúsenosti a odovzdávať ich ďalším. K záchrane rodu a tvorbe potomstva sa vraj veľmi nemal, čo však neznamená, že dámy oňho nemali záujem. Museli mať, pretože aj po výbuchu jeho laboratória rod Marinovičovcov prežil. |O tejto postave sa toho veľa nevie
Raizon_Elinurian|Žold|Raizon Elinurian|None|None|Human|Fighter/Wizard|Tmavohmla|Zurro|empty|Mŕtvy|Knight|empty|Raizon Elinurian nebol prvý lovec démonov ani posledný, no bol tým, ktorý zmenil spôsob, akým sa proti nim bojuje. Keď démon Akriel zneuctil jeho rodinu, uniesol jeho manželku a Raizon ho nakoniec zabil, zdalo sa, že pomsta bola dokonaná. Lenže démon sa vrátil. Vtedy Raizon pochopil, že démonov nestačí zabiť. <br><br> Keďže žiaden živí nedokázal démonov zničiť natrvalo, Raizon si zvolil inú cestu, väzenie. Bol bojovník, no kvôli tomuto cieľu začal študovať mágiu a zistil, akú obrovskú výhodu mu dáva. Vytvoril démonickú väznicu, zaplatil za ňu draho a Akriela do nej uzavrel ako prvého. <br><br> Po Raizonovi prevzali jeho odkaz jeho deti: vlastný ľudský syn a nevlastná dcéra, dieťa Akriela. Spolu položili základ rodu, ktorý je dnes známy lovom a väznením démonov. Mágia sa stala ich hlavnou zbraňou a krv človeka aj démona ich prekliatym darom a silou, ktorú nosia preto, aby démoni už neutekali späť do sveta živých. |
Azor-Elinuran|Žold|Azor Elinuran|None|None|Tiefling|Wizard|Tmavohmla|Drercur|47|Živý|Vikomt|Noble of Tmavohmla|Azor Elinuran pôvodne túžil študovať na akadémii ako lovec príšer a plánoval sa stať Znalcom. Jeho cesta sa však zmenila, keď spoznal Karlitu z rodu Elinuran. Čím viac sa dozvedal o nej, jej rodine a ich boji proti démonom, tým viac ho tento odkaz priťahoval. <br><br> Nakoniec sa vzdal pôvodného sna a prijal meno svojej ženy aj bremeno jej rodu. Namiesto lovca príšer sa stal lovcom a väzniteľom démonov. S mágiou v knihe, srdcom v ohnivej vášni a ženou, ktorá sa démonov nebála, vstúpil na cestu, ktorá bola nebezpečnejšia, než pôvodne plánoval. <br><br> Spolu s Karlitou neskôr priviedli na svet potomkov a veľmi rýchlo ich začali učiť rodinnému remeslu. Azor Elinuran je dôkazom, že nie každý sa narodí do svojho odkazu, niektorí si ho vyberú, z lásky, odvahy a ochoty niesť cudzie meno ako vlastné. |empty
Karlita-Elinuranova|Žold|Karlita Elinuranova|None|None|Tiefling|Wizard/Fighter|Tmavohmla|Liorha|44|Živá|Vikomtka|Noble of Tmavohmla|Karlita Elinuranová od malička vedela, že ju čaká tvrdý osud, hoci mu ešte nerozumela. Trénovali ju skôr, než sa naučila poriadne vystupovať. Príbehy, piesne aj hračky mali svoj účel. Všetko ju malo pripraviť na rodové remeslo, lov a väznenie démonov. <br><br> Učila sa mágiu, knihy, spisy a kúzla, a keď jej toho bolo priveľa, zodvihla meč a štít. Karlita nikdy neverila len mágii, no vedela, že práve mágia je základ. Meč bez mágie je dekorácia. Mágia bez meča je problém. Ale mágia s mečom je dôvod, prečo démoni začínajú plakať, aspoň kým im to telo ešte dovolí. Vo väznici, kam ich Karlita posiela, už veľa priestoru na slzy nezostáva. <br><br> Na bremeno svojho rodu však nezostala sama. Tak ako ženy rodu v minulosti, aj ona našla muža ochotného prijať meno, krv aj titul Elinuranovcov. S Azorom sa stali pár a dnes učia svoje deti rovnakému remeslu, akým kedysi Karlitini rodičia učili ju, tvrdo, skoro a s vedomím, že démoni nikdy nečakajú, kým bytosť dospeje. |empty
Aztrid-Elinuranova|Žold|Aztrid Elinuranova|None|None|Tiefling|Wizard|Tmavohmla|Hellia|15|Živá||Dedička|Aztrid Elinuranová je najmladšia z rodu a medzi Elinuranovcami pôsobí takmer nezvyčajne čisto. Je pokojná, vyrovnaná a menej poznačená tvrdosťou rodového bremena než jej starší súrodenci. Keďže jej brat od začiatku prejavoval veľký talent, na Aztrid nebol vyvíjaný taký silný tlak, a preto mala priestor vyrastať aj mimo nekonečného tréningu lovcov démonov. <br><br> To však neznamená, že by sa svojmu odkazu vyhýbala. Aztrid sa tréningu venuje poctivo a s tichou odhodlanosťou, pretože vie, čo sa môže stať tým, ktorí nie sú pripravení. Neženie ju pýcha ani túžba po sláve, ale strach, aby neskončila ako jej najstarší brat.|empty
Murez-Elinuran|Žold|Murez Elinuran|None|None|Tiefling|Wizard|Tmavohmla|Thelvus|16|Živý||Dedič|Murez Elinuran je veľký talent rodu, ktorému mágia ide tak prirodzene ako rast rohov. Nemusí sa dlho sústrediť, hľadať správny pocit ani zápasiť s vlastnou krvou. Jednoducho sa to deje, pozrie do knihy a mágia letí. Tam, kde jeho starší brat nedokázal mágiou zapáliť ani sviecu, Murez zapaľuje vatry. <br><br> Pre rod Elinuranovcov je to dar aj úľava. Starší brat bol v rodovom remesle považovaný za sklamanie a práve nedostatok talentu ho napokon stál život. Murez preto nenesie len vlastné ambície, ale aj očakávania všetkých, ktorí v ňom vidia nápravu tejto straty. <br><br> Rod doňho vkladá veľké nádeje a Murez ten tlak cíti každý deň. Namiesto toho, aby ho spomalil, tlačí ho dopredu ešte rýchlejšie. Je mladý, nadaný a nebezpečne prirodzený v mágii, presne taký Elinuran, akého démoni nechcú vidieť dospieť. |empty
Thadesus-Elinuran_Blue|Žold|Thadesus Elinuran|None|None|Tiefling|Wizard|Tmavohmla|Thelvus|22|Živý||Cintorín|Thadesus Elinuran bol prvý syn Karlity a Azora, dieťa, do ktorého rod vložil obrovské nádeje. Keď sa narodil, ešte žil aj Karlitin otec, no len pár dní po jeho narodení zomrel. Spolu s ním začala pomaly zomierať aj predstava, že Thadesus bude veľkým pokračovateľom rodu. Mágia mu nešla. Runy nečítal skôr než písmená, prvé slová neboli zaklínadlá a plameň v krvi sa nechcel prebudiť. <br><br> Rodičia doňho dlho vkladali čas, no keď mal päť rokov, pochopili, že z neho nebude talent, aký rod potreboval. Zo strachu, že ani ďalšie dieťa nebude dosť silné, začali hľadať nádej všade, učili Thadesusa, pacholka Rodericka, kováča, slúžku aj miestneho umelca. Každý, kto mal rohy a čo i len vzdialenú krv Hádesu v žilách, dostal v tom období šancu. To všetko sa skončilo, keď mladý Murez prejavil skutočný talent. <br><br> Od tej chvíle sa rodina obrátila k Murezovi a ostatní si mohli ísť po svojom. Thadesus sa však s vlastným zlyhaním nikdy nezmieril. V snahe vykúpiť sa vydal na skúšku lovca, no už sa nevrátil živý. Plameň, ktorý ho mal ochrániť a dokázať jeho miesto v rode, sa obrátil proti nemu. Namiesto osláv prišiel pohreb a Thadesus zostal v pamäti Elinuranovcov ako syn, ktorý sa zlyhal najviac vtedy keď už od neho nikto ani nič nečakal.|
